x,y,z,psi,phi,theta,linear_vel_x,linear_vel_y,linear_vel_z,angular_vel_x,angular_vel_y,angular_vel_z,mode
-0.502513,3.724832,0.05,0.0,0.0,0.0,0.0,0.0,0.0,0.0,0.0,0.0,unicycle
-0.5025115888,3.724832,0.05,0.0,0.0,0.0,4.704e-05,0.0,0.0,0.0,0.0,0.0,omni
-0.5025051847527999,3.724832,0.05,0.0,0.0,0.0,0.00021346823999999999,0.0,0.0,0.0,0.0,0.0,unicycle
-0.5024888245927168,3.724832,0.05,0.0,0.0,0.0,0.00054533866944,0.0,0.0,0.0,0.0,0.0,omni
-0.5024567458035936,3.724832,0.05,0.0,0.0,0.0,0.00106929297077664,0.0,0.0,0.0,0.0,0.0,unicycle
-0.5024028099626063,3.724832,0.05,0.0,0.0,0.0,0.0017978613662372198,0.0,0.0,0.0,0.0,0.0,omni
-0.5023208043513914,3.724832,0.05,0.0,0.0,0.0,0.0027335203738331386,0.0,0.0,0.0,0.0,0.0,unicycle
-0.5022046510525522,3.724832,0.05,0.0,0.0,0.0,0.003871776627965568,0.0,0.0,0.0,0.0,0.0,omni
-0.5020485463384072,3.724832,0.05,0.0,0.0,0.0,0.00520349047149883,0.0,0.0,0.0,0.0,0.0,unicycle
-0.501847048079457,3.724832,0.05,0.0,0.0,0.0,0.006716608631680479,0.0,0.0,0.0,0.0,0.0,omni
-0.5015951248860673,3.724832,0.05,0.0,0.0,0.0,0.008397439779661826,0.0,0.0,0.0,0.0,0.0,unicycle
-0.501288177533628,3.724832,0.05,0.0,0.0,0.0,0.010231578414650343,0.0,0.0,0.0,0.0,0.0,omni
-0.5009220407363344,3.724832,0.05,0.0,0.0,0.0,0.012204559909790922,0.0,0.0,0.0,0.0,0.0,unicycle
-0.5004929713890545,3.724832,0.05,0.0,0.0,0.0,0.014302311576005096,0.0,0.0,0.0,0.0,0.0,omni
-0.49999762787922236,3.724832,0.05,0.0,0.0,0.0,0.016511450327738847,0.0,0.0,0.0,0.0,0.0,unicycle
-0.4994330438922398,3.724832,0.05,0.0,0.0,0.0,0.018819466232753636,0.0,0.0,0.0,0.0,0.0,omni
-0.4987965992231906,3.724832,0.05,0.0,0.0,0.0,0.021214822301643947,0.0,0.0,0.0,0.0,0.0,unicycle
-0.4980859894079163,3.724832,0.05,0.0,0.0,0.0,0.02368699384247666,0.0,0.0,0.0,0.0,0.0,omni
-0.4972991954523231,3.724832,0.05,0.0,0.0,0.0,0.026226465186443764,0.0,0.0,0.0,0.0,0.0,unicycle
-0.4964344545341572,3.724832,0.05,0.0,0.0,0.0,0.028824697272196134,0.0,0.0,0.0,0.0,0.0,omni
-0.495490232247816,3.724832,0.05,0.0,0.0,0.0,0.03147407621137502,0.0,0.0,0.0,0.0,0.0,unicycle
-0.4944651967374049,3.724832,0.05,0.0,0.0,0.0,0.034167850347037704,0.0,0.0,0.0,0.0,0.0,omni
-0.4933581948983656,3.724832,0.05,0.0,0.0,0.0,0.036900061301312306,0.0,0.0,0.0,0.0,0.0,unicycle
-0.4921682307095074,3.724832,0.05,0.0,0.0,0.0,0.03966547296194001,0.0,0.0,0.0,0.0,0.0,omni
-0.49089444567415524,3.724832,0.05,0.0,0.0,0.0,0.04245950117840254,0.0,0.0,0.0,0.0,0.0,unicycle
-0.4895361012927501,3.724832,0.05,0.0,0.0,0.0,0.045278146046839954,0.0,0.0,0.0,0.0,0.0,omni
-0.48809256345289115,3.724832,0.05,0.0,0.0,0.0,0.04811792799530065,0.0,0.0,0.0,0.0,0.0,unicycle
-0.48656328860129044,3.724832,0.05,0.0,0.0,0.0,0.05097582838669036,0.0,0.0,0.0,0.0,0.0,omni
-0.48494781155139893,3.724832,0.05,0.0,0.0,0.0,0.05384923499638252,0.0,0.0,0.0,0.0,0.0,unicycle
-0.4832457347774916,3.724832,0.05,0.0,0.0,0.0,0.05673589246357853,0.0,0.0,0.0,0.0,0.0,omni
-0.4814567190484215,3.724832,0.05,0.0,0.0,0.0,0.059633857635667274,0.0,0.0,0.0,0.0,0.0,unicycle
-0.47958047526030473,3.724832,0.05,0.0,0.0,0.0,0.06254145960389648,0.0,0.0,0.0,0.0,0.0,omni
-0.4776167573357523,3.724832,0.05,0.0,0.0,0.0,0.06545726415174839,0.0,0.0,0.0,0.0,0.0,unicycle
-0.47556535606696276,3.724832,0.05,0.0,0.0,0.0,0.06838004229298275,0.0,0.0,0.0,0.0,0.0,omni
-0.47337999459029784,3.724832,0.05,0.0,0.0,0.0,0.07284538255549522,0.0,0.0,0.0,0.0,0.0,unicycle
-0.4708969521152035,3.724832,0.05,0.0,0.0,0.0,0.08276808250314321,0.0,0.0,0.0,0.0,0.0,omni
-0.4680239332132918,3.724832,0.05,0.0,0.0,0.0,0.095767296730391,0.0,0.0,0.0,0.0,0.0,unicycle
-0.4646981927453932,3.724832,0.05,0.0,0.0,0.0,0.11085801559662153,0.0,0.0,0.0,0.0,0.0,omni
-0.4609013301953743,3.724832,0.05,0.0,0.0,0.0,0.1265620850006301,0.0,0.0,0.0,0.0,0.0,unicycle
-0.4566237111994748,3.724832,0.05,0.0,0.0,0.0,0.14258729986332072,0.0,0.0,0.0,0.0,0.0,omni
-0.45188420216532305,3.724832,0.05,0.0,0.0,0.0,0.15798363447172692,0.0,0.0,0.0,0.0,0.0,unicycle
-0.44669845407405523,3.724832,0.05,0.0,0.0,0.0,0.1728582697089281,0.0,0.0,0.0,0.0,0.0,omni
-0.44110164448144035,3.724832,0.05,0.0,0.0,0.0,0.18656031975382742,0.0,0.0,0.0,0.0,0.0,unicycle
-0.4351190924118708,3.724832,0.05,0.0,0.0,0.0,0.19941840231898442,0.0,0.0,0.0,0.0,0.0,omni
-0.4287907978842382,3.724832,0.05,0.0,0.0,0.0,0.21094315092108798,0.0,0.0,0.0,0.0,0.0,unicycle
-0.4221434346109962,3.724832,0.05,0.0,0.0,0.0,0.22157877577473026,0.0,0.0,0.0,0.0,0.0,omni
-0.4152159382470108,3.724832,0.05,0.0,0.0,0.0,0.23091654546617904,0.0,0.0,0.0,0.0,0.0,unicycle
-0.40803229073736763,3.724832,0.05,0.0,0.0,0.0,0.23945491698810498,0.0,0.0,0.0,0.0,0.0,omni
-0.40062770021745625,3.724832,0.05,0.0,0.0,0.0,0.24681968399704965,0.0,0.0,0.0,0.0,0.0,unicycle
-0.39302182214334697,3.724832,0.05,0.0,0.0,0.0,0.253529269136973,0.0,0.0,0.0,0.0,0.0,omni
-0.3852452566902295,3.724832,0.05,0.0,0.0,0.0,0.2592188484372509,0.0,0.0,0.0,0.0,0.0,unicycle
-0.37731299607089847,3.724832,0.05,0.0,0.0,0.0,0.26440868731103767,0.0,0.0,0.0,0.0,0.0,omni
-0.36925107872957946,3.724832,0.05,0.0,0.0,0.0,0.268730578043968,0.0,0.0,0.0,0.0,0.0,unicycle
-0.36107014117115427,3.724832,0.05,0.0,0.0,0.0,0.27269791861417025,0.0,0.0,0.0,0.0,0.0,omni
-0.35279213767881296,3.724832,0.05,0.0,0.0,0.0,0.27593344974470824,0.0,0.0,0.0,0.0,0.0,unicycle
-0.34442392896681956,3.724832,0.05,0.0,0.0,0.0,0.2789402903997774,0.0,0.0,0.0,0.0,0.0,omni
-0.3359840179351556,3.724832,0.05,0.0,0.0,0.0,0.28133036772213604,0.0,0.0,0.0,0.0,0.0,unicycle
-0.327476139622276,3.724832,0.05,0.0,0.0,0.0,0.2835959437626499,0.0,0.0,0.0,0.0,0.0,omni
-0.31891598811276606,3.724832,0.05,0.0,0.0,0.0,0.28533838365033515,0.0,0.0,0.0,0.0,0.0,unicycle
-0.31030479094782154,3.724832,0.05,0.0,0.0,0.0,0.28703990549815345,0.0,0.0,0.0,0.0,0.0,omni
-0.3016560163630461,3.724832,0.05,0.0,0.0,0.0,0.28829248615917724,0.0,0.0,0.0,0.0,0.0,unicycle
-0.2929689257860936,3.724832,0.05,0.0,0.0,0.0,0.28956968589841403,0.0,0.0,0.0,0.0,0.0,omni
-0.2842552582783579,3.724832,0.05,0.0,0.0,0.0,0.29045558359119394,0.0,0.0,0.0,0.0,0.0,unicycle
-0.27551276031227906,3.724832,0.05,0.0,0.0,0.0,0.291416598869295,0.0,0.0,0.0,0.0,0.0,omni
-0.2667518482240085,3.724832,0.05,0.0,0.0,0.0,0.2920304029423526,0.0,0.0,0.0,0.0,0.0,unicycle
-0.2579691171607658,3.724832,0.05,0.0,0.0,0.0,0.29275770210808644,0.0,0.0,0.0,0.0,0.0,omni
-0.24917398412138086,3.724832,0.05,0.0,0.0,0.0,0.2931711013128315,0.0,0.0,0.0,0.0,0.0,unicycle
-0.24036217904443752,3.724832,0.05,0.0,0.0,0.0,0.29372683589811244,0.0,0.0,0.0,0.0,0.0,omni
-0.23154237158873342,3.724832,0.05,0.0,0.0,0.0,0.29399358185680313,0.0,0.0,0.0,0.0,0.0,unicycle
-0.2227096475443629,3.724832,0.05,0.0,0.0,0.0,0.29442413481235064,0.0,0.0,0.0,0.0,0.0,omni
-0.21387212246075277,3.724832,0.05,0.0,0.0,0.0,0.2945841694536714,0.0,0.0,0.0,0.0,0.0,unicycle
-0.20502440634432811,3.724832,0.05,0.0,0.0,0.0,0.2949238705474885,0.0,0.0,0.0,0.0,0.0,omni
-0.19617420691037707,3.724832,0.05,0.0,0.0,0.0,0.2950066477983677,0.0,0.0,0.0,0.0,0.0,unicycle
-0.1873157851320098,3.724832,0.05,0.0,0.0,0.0,0.29528072594557464,0.0,0.0,0.0,0.0,0.0,omni
-0.17845655045878067,3.724832,0.05,0.0,0.0,0.0,0.2953078224409712,0.0,0.0,0.0,0.0,0.0,unicycle
-0.16959050933769532,3.724832,0.05,0.0,0.0,0.0,0.29553470403617865,0.0,0.0,0.0,0.0,0.0,omni
-0.16072485430354583,3.724832,0.05,0.0,0.0,0.0,0.2955218344716497,0.0,0.0,0.0,0.0,0.0,unicycle
-0.15185340717194667,3.724832,0.05,0.0,0.0,0.0,0.29571490438663695,0.0,0.0,0.0,0.0,0.0,omni
-0.1429832035099417,3.724832,0.05,0.0,0.0,0.0,0.2956734554001662,0.0,0.0,0.0,0.0,0.0,unicycle
-0.13410793183322528,3.724832,0.05,0.0,0.0,0.0,0.29584238922388095,0.0,0.0,0.0,0.0,0.0,omni
-0.12523451462835206,3.724832,0.05,0.0,0.0,0.0,0.29578057349577286,0.0,0.0,0.0,0.0,0.0,unicycle
-0.11635654458014189,3.724832,0.05,0.0,0.0,0.0,0.2959323349403399,0.0,0.0,0.0,0.0,0.0,omni
-0.1074808630411283,3.724832,0.05,0.0,0.0,0.0,0.2958560513004522,0.0,0.0,0.0,0.0,0.0,unicycle
-0.09860099406858919,3.724832,0.05,0.0,0.0,0.0,0.2959956324179698,0.0,0.0,0.0,0.0,0.0,omni
-0.08972372101767384,3.724832,0.05,0.0,0.0,0.0,0.29590910169717777,0.0,0.0,0.0,0.0,0.0,unicycle
-0.0808425189736226,3.724832,0.05,0.0,0.0,0.0,0.2960400681350409,0.0,0.0,0.0,0.0,0.0,omni
-0.07196412997429658,3.724832,0.05,0.0,0.0,0.0,0.2959462999775335,0.0,0.0,0.0,0.0,0.0,unicycle
-0.06308199427342742,3.724832,0.05,0.0,0.0,0.0,0.296071190028971,0.0,0.0,0.0,0.0,0.0,omni
-0.05420282456742584,3.724832,0.05,0.0,0.0,0.0,0.29597232353338565,0.0,0.0,0.0,0.0,0.0,unicycle
-0.04532003641151339,3.724832,0.05,0.0,0.0,0.0,0.2960929385304154,0.0,0.0,0.0,0.0,0.0,omni
-0.036440321726668834,3.724832,0.05,0.0,0.0,0.0,0.2959904894948187,0.0,0.0,0.0,0.0,0.0,unicycle
-0.027557078604706603,3.724832,0.05,0.0,0.0,0.0,0.2961081040654079,0.0,0.0,0.0,0.0,0.0,omni
-0.018676984297072027,3.724832,0.05,0.0,0.0,0.0,0.2960031435878193,0.0,0.0,0.0,0.0,0.0,unicycle
-0.009793424580983062,3.724832,0.05,0.0,0.0,0.0,0.2961186572029655,0.0,0.0,0.0,0.0,0.0,omni
-0.0009130663767462945,3.724832,0.05,0.0,0.0,0.0,0.29601194014122556,0.0,0.0,0.0,0.0,0.0,unicycle
0.00797071320020437,3.724832,0.05,0.0,0.0,0.0,0.2961259858983555,0.0,0.0,0.0,0.0,0.0,omni
0.01685125448734867,3.724832,0.05,0.0,0.0,0.0,0.2960180429048101,0.0,0.0,0.0,0.0,0.0,unicycle
0.025735186447029185,3.724832,0.05,0.0,0.0,0.0,0.2961310653226835,0.0,0.0,0.0,0.0,0.0,omni
0.03461582984651384,3.724832,0.049997846204928434,0.0,0.0,0.0,0.2960214466494884,0.0,-7.179316905213169e-05,0.0,0.0,0.0,unicycle
0.043499804637157656,3.724832,0.04999237984007056,0.0,0.0,0.0,0.29613249302146083,0.0,-0.00018221216192934673,0.0,0.0,0.0,omni
0.05238035751481345,3.724832,0.04998013301106953,0.0,0.0,0.0,0.29601842925519317,0.0,-0.0004082276333675192,0.0,0.0,0.0,unicycle
0.061264072397605805,3.724832,0.049959481027943134,0.0,0.0,0.0,0.29612382942641213,0.0,-0.0006883994375465547,0.0,0.0,0.0,omni
0.07014409661392015,3.724832,0.04992647498469337,0.0,0.0,0.0,0.2960008072104789,0.0,-0.0011002014416588426,0.0,0.0,0.0,unicycle
0.07902697287946805,3.724832,0.04987962596497704,0.0,0.0,0.0,0.29609587551826416,0.0,-0.0015616339905438845,0.0,0.0,0.0,omni
0.08790574121542252,3.724832,0.0498149370156719,0.0,0.0,0.0,0.29595894453181526,0.0,-0.0021562983101715656,0.0,0.0,0.0,unicycle
0.0967869103173328,3.724832,0.04973134989784632,0.0,0.0,0.0,0.2960389700636762,0.0,-0.0027862372608523007,0.0,0.0,0.0,omni
0.1056634146213323,3.724832,0.04962502246207305,0.0,0.0,0.0,0.2958834767999826,0.0,-0.0035442478591091887,0.0,0.0,0.0,omni
0.11444668330285604,3.724832,0.04948191117431823,0.0,0.0,0.0,0.29277562271745794,0.0,-0.0047703762584942935,0.0,0.0,0.0,omni
0.1230784087740209,3.724832,0.04929111997341622,0.0,0.0,0.0,0.28772418237216235,0.0,-0.006359706696734024,0.0,0.0,0.0,omni
0.13152275708320196,3.724832,0.049044268832515156,0.0,0.0,0.0,0.28147827697270333,0.0,-0.008228371363368417,0.0,0.0,0.0,omni
0.13976035921900046,3.724832,0.04873501386488878,0.0,0.0,0.0,0.27458673785995086,0.0,-0.010308498920879566,0.0,0.0,0.0,omni
0.1477837032085039,3.724832,0.048358675894851225,0.0,0.0,0.0,0.2674447996501135,0.0,-0.012544599001252234,0.0,0.0,0.0,omni
0.15559362437760318,3.724832,0.04791194809174383,0.0,0.0,0.0,0.2603307056366437,0.0,-0.014890926770246418,0.0,0.0,0.0,omni
0.16319665317399004,3.724832,0.04739266140213062,0.0,0.0,0.0,0.25343429321289546,0.0,-0.01730955632043983,0.0,0.0,0.0,omni
0.17060302983114342,3.724832,0.0467995927992947,0.0,0.0,0.0,0.2468792219051135,0.0,-0.01976895342786386,0.0,0.0,0.0,omni
0.17782523511793893,3.724832,0.046132305832344886,0.0,0.0,0.0,0.24074017622651872,0.0,-0.022242898898327063,0.0,0.0,0.0,omni
0.18487691837415668,3.724832,0.04539101609747208,0.0,0.0,0.0,0.23505610854059172,0.0,-0.0247096578290932,0.0,0.0,0.0,omni
0.19177212952371828,3.724832,0.04457647644106931,0.0,0.0,0.0,0.22984037165205304,0.0,-0.02715132188009242,0.0,0.0,0.0,omni
0.19852478204257498,3.724832,0.04368987821178626,0.0,0.0,0.0,0.225088417295222,0.0,-0.02955327430943465,0.0,0.0,0.0,omni
0.20514828995820603,3.724832,0.04273276590641474,0.0,0.0,0.0,0.22078359718770066,0.0,-0.031903743512383634,0.0,0.0,0.0,omni
0.21165533470092848,3.724832,0.04170696324830779,0.0,0.0,0.0,0.21690149142408352,0.0,-0.034193421936898026,0.0,0.0,0.0,omni
0.21805772768405476,3.724832,0.040614509201479146,0.0,0.0,0.0,0.21341309943754153,0.0,-0.03641513489428802,0.0,0.0,0.0,omni
0.22436634240189515,3.724832,0.039457602733022526,0.0,0.0,0.0,0.21028715726134628,0.0,-0.03856354894855411,0.0,0.0,0.0,omni
0.2305910960382143,3.724832,0.038238555343257916,0.0,0.0,0.0,0.20749178787730463,0.0,-0.040634912992153785,0.0,0.0,0.0,omni
0.23674096542411285,3.724832,0.03695975052316157,0.0,0.0,0.0,0.20499564619661956,0.0,-0.04262682733654502,0.0,0.0,0.0,omni
0.24282440960911258,3.724832,0.035624809554350476,0.0,0.0,0.0,0.20278147283332615,0.0,-0.044498032293703055,0.0,0.0,0.0,omni
0.2488497557460754,3.724832,0.034239637848695756,0.0,0.0,0.0,0.20084487123209507,0.0,-0.046172390188490536,0.0,0.0,0.0,omni
0.25482510018159515,3.724832,0.032811962005974485,0.0,0.0,0.0,0.19917814785066024,0.0,-0.04758919475737554,0.0,0.0,0.0,omni
0.2607581227155534,3.724832,0.03135057729968037,0.0,0.0,0.0,0.1977674177986074,0.0,-0.048712823543137,0.0,0.0,0.0,omni
0.26665596936925723,3.724832,0.029864797667655513,0.0,0.0,0.0,0.196594888456794,0.0,-0.049525987734161635,0.0,0.0,0.0,omni
0.27252518545981147,3.724832,0.02836405994328306,0.0,0.0,0.0,0.19564053635180836,0.0,-0.050024590812415316,0.0,0.0,0.0,omni
0.278371685141033,3.724832,0.026857644901788325,0.0,0.0,0.0,0.1948833227073834,0.0,-0.050213834716491226,0.0,0.0,0.0,omni
0.2842007469396027,3.724832,0.025354486187510544,0.0,0.0,0.0,0.1943020599523255,0.0,-0.050105290475925844,0.0,0.0,0.0,omni
0.29001702740894536,3.724832,0.023863044829060973,0.0,0.0,0.0,0.19387601564475374,0.0,-0.049714711948318925,0.0,0.0,0.0,omni
0.2958245870145682,3.724832,0.022391232233417754,0.0,0.0,0.0,0.19358532018742935,0.0,-0.04906041985477405,0.0,0.0,0.0,omni
0.30162692388792994,3.724832,0.02094636858815649,0.0,0.0,0.0,0.1934112291120549,0.0,-0.04816212150870883,0.0,0.0,0.0,unicycle
0.3075221802704747,3.724832,0.0195494334403446,0.0,0.0,0.0,0.19650854608482396,0.0,-0.04656450492706276,0.0,0.0,0.0,omni
0.31356435258061116,3.724832,0.01821662635682378,0.0,0.0,0.0,0.20140574367121572,0.0,-0.04442690278402736,0.0,0.0,0.0,unicycle
0.31979725371542395,3.724832,0.016958381735890343,0.0,0.0,0.0,0.2077633711604257,0.0,-0.04194148736444772,0.0,0.0,0.0,omni
0.3262343204209384,3.724832,0.015781009171198235,0.0,0.0,0.0,0.21456889018381248,0.0,-0.03924575215640341,0.0,0.0,0.0,unicycle
0.332889803532787,3.724832,0.014687349456179014,0.0,0.0,0.0,0.22184943706161953,0.0,-0.0364553238339741,0.0,0.0,0.0,omni
0.33975599283145047,3.724832,0.013678557331601157,0.0,0.0,0.0,0.2288729766221117,0.0,-0.0336264041525952,0.0,0.0,0.0,unicycle
0.34683241706851625,3.724832,0.012753506887301945,0.0,0.0,0.0,0.23588080790219418,0.0,-0.03083501480997371,0.0,0.0,0.0,omni
0.35410146065154074,3.724832,0.01191096184429754,0.0,0.0,0.0,0.2423014527674802,0.0,-0.02808483476681356,0.0,0.0,0.0,unicycle
0.36155638594088085,3.724832,0.011147913146668506,0.0,0.0,0.0,0.24849750964467074,0.0,-0.025434956587634484,0.0,0.0,0.0,omni
0.3691759451883208,3.724832,0.010462290829754535,0.0,0.0,0.0,0.2539853082479989,0.0,-0.022854077230465793,0.0,0.0,0.0,unicycle
0.37695174201250864,3.724832,0.009850350064907046,0.0,0.0,0.0,0.2591932274729285,0.0,-0.020398025494916334,0.0,0.0,0.0,omni
0.3848622049453934,3.724832,0.009310019007463546,0.0,0.0,0.0,0.26368209776282625,0.0,-0.01801103524811664,0.0,0.0,0.0,unicycle
0.39289961642834054,3.724832,0.008837408100152752,0.0,0.0,0.0,0.2679137160982349,0.0,-0.015753696910359914,0.0,0.0,0.0,omni
0.40104366406363995,3.724832,0.008430849257399238,0.0,0.0,0.0,0.2714682545099792,0.0,-0.013551961425117057,0.0,0.0,0.0,unicycle
0.40928834594637525,3.724832,0.008086577800128392,0.0,0.0,0.0,0.27482272942451325,0.0,-0.011475715242361524,0.0,0.0,0.0,omni
0.41761522146996427,3.724832,0.007803492798058927,0.0,0.0,0.0,0.27756251745296556,0.0,-0.00943616673564887,0.0,0.0,0.0,unicycle
0.4260183922848149,3.724832,0.007578045734279348,0.0,0.0,0.0,0.2801056938283545,0.0,-0.007514902125986005,0.0,0.0,0.0,omni
0.4344803440609291,3.724832,0.007409735125187944,0.0,0.0,0.0,0.28206505920380986,0.0,-0.005610353636380093,0.0,0.0,0.0,unicycle
0.4429960530170363,3.724832,0.007295227105816274,0.0,0.0,0.0,0.28385696520357134,0.0,-0.0038169339790557217,0.0,0.0,0.0,omni
0.45154942921400215,3.724832,0.007234585494028629,0.0,0.0,0.0,0.2851125398988623,0.0,-0.0020213870595881815,0.0,0.0,0.0,omni
0.4600479089552803,3.724832,0.00723951649584792,0.0,0.0,0.0,0.28328265804260594,0.0,0.0001643667273097016,0.0,0.0,0.0,omni
0.46842936498631566,3.724832,0.007317873959866095,0.0,0.0,0.0,0.27938186770117507,0.0,0.0026119154672725213,0.0,0.0,0.0,omni
0.47665458662527166,3.724832,0.007473439292495766,0.0,0.0,0.0,0.2741740546318683,0.0,0.005185511087655646,0.0,0.0,0.0,omni
0.48470133876078464,3.724832,0.007706568864240808,0.0,0.0,0.0,0.2682250711837626,0.0,0.007770985724834794,0.0,0.0,0.0,omni
0.49255970264343324,3.724832,0.008015211363836395,0.0,0.0,0.0,0.26194546275495134,0.0,0.010288083319852936,0.0,0.0,0.0,omni
0.5002285122429015,3.724832,0.008395675512317903,0.0,0.0,0.0,0.25562698664894434,0.0,0.012682138282716885,0.0,0.0,0.0,omni
0.5077126482460923,3.724832,0.008843205491649847,0.0,0.0,0.0,0.24947120010635923,0.0,0.014917665977731361,0.0,0.0,0.0,omni
0.5150210009544309,3.724832,0.009352408614673688,0.0,0.0,0.0,0.243611756944625,0.0,0.01697343743412805,0.0,0.0,0.0,omni
0.5221653440442744,3.724832,0.009914968991815995,0.0,0.0,0.0,0.23814476966144218,0.0,0.018752012571410202,0.0,0.0,0.0,omni
0.5291590350731561,3.724832,0.010521070391467125,0.0,0.0,0.0,0.23312303429605782,0.0,0.02020337998837094,0.0,0.0,0.0,omni
0.536015776485504,3.724832,0.011162410557475142,0.0,0.0,0.0,0.22855804707825914,0.0,0.02137800553360065,0.0,0.0,0.0,unicycle
0.5428439820172655,3.724832,0.011819694315375504,0.0,0.0,0.0,0.22760685105871156,0.0,0.021909458596678807,0.0,0.0,0.0,omni
0.5497077140445847,3.724832,0.012480330421210635,0.0,0.0,0.0,0.22879106757731163,0.0,0.02202120352783771,0.0,0.0,0.0,unicycle
0.5566610424301721,3.724832,0.013134158298414031,0.0,0.0,0.0,0.23177761285291168,0.0,0.021794262573446577,0.0,0.0,0.0,omni
0.563727230243064,3.724832,0.013775465697843119,0.0,0.0,0.0,0.23553959376306605,0.0,0.02137691331430281,0.0,0.0,0.0,unicycle
0.5709300452774,3.724832,0.01439932867786563,0.0,0.0,0.0,0.24009383447786775,0.0,0.020795432667416926,0.0,0.0,0.0,omni
0.5782705635335208,3.724832,0.01500390711088344,0.0,0.0,0.0,0.2446839418706886,0.0,0.02015261443392713,0.0,0.0,0.0,unicycle
0.5857565865591858,3.724832,0.015587178212975785,0.0,0.0,0.0,0.2495341008554991,0.0,0.019442370069744776,0.0,0.0,0.0,omni
0.5933779750584705,3.724832,0.016149385264909225,0.0,0.0,0.0,0.2540462833094897,0.0,0.018740235064447996,0.0,0.0,0.0,unicycle
0.6011349030615818,3.724832,0.016690028242701636,0.0,0.0,0.0,0.258564266770381,0.0,0.018021432593080346,0.0,0.0,0.0,omni
0.6090122980591628,3.724832,0.017210388536717153,0.0,0.0,0.0,0.26257983325269685,0.0,0.01734534313385054,0.0,0.0,0.0,unicycle
0.617007391518275,3.724832,0.01771069221413284,0.0,0.0,0.0,0.26650311530374143,0.0,0.016676789247189648,0.0,0.0,0.0,omni
0.6251036263289194,3.724832,0.01819266316942972,0.0,0.0,0.0,0.2698744936881463,0.0,0.016065698509896247,0.0,0.0,0.0,unicycle
0.6332977896521388,3.724832,0.018656806912593003,0.0,0.0,0.0,0.2731387774406456,0.0,0.015471458105442712,0.0,0.0,0.0,omni
0.6415736109962265,3.724832,0.019104963082542743,0.0,0.0,0.0,0.2758607114695844,0.0,0.014938538998324554,0.0,0.0,0.0,unicycle
0.6499286532359247,3.724832,0.019537677745798666,0.0,0.0,0.0,0.2785014079899368,0.0,0.014423822108530701,0.0,0.0,0.0,omni
0.6583477376518119,3.724832,0.019956737709330073,0.0,0.0,0.0,0.28063614719623753,0.0,0.013968665451047097,0.0,0.0,0.0,unicycle
0.6668296996126453,3.724832,0.02036261174452238,0.0,0.0,0.0,0.2827320653611195,0.0,0.013529134506410188,0.0,0.0,0.0,omni
0.675360722363527,3.724832,0.020756956262212845,0.0,0.0,0.0,0.2843674250293834,0.0,0.013144817256348886,0.0,0.0,0.0,unicycle
0.6839410206251906,3.724832,0.021140113534238423,0.0,0.0,0.0,0.2860099420554586,0.0,0.012771909067519325,0.0,0.0,0.0,omni
0.6925581310755,3.724832,0.021513582684327296,0.0,0.0,0.0,0.2872370150103213,0.0,0.01244897166962896,0.0,0.0,0.0,unicycle
0.7012135604761005,3.724832,0.021877567670553783,0.0,0.0,0.0,0.2885143133533512,0.0,0.012132832874216135,0.0,0.0,0.0,omni
0.7098960600721258,3.724832,0.02223341023290568,0.0,0.0,0.0,0.28941665320084586,0.0,0.011861418745063227,0.0,0.0,0.0,unicycle
0.7186082586779523,3.724832,0.022581183252839174,0.0,0.0,0.0,0.2904066201942222,0.0,0.011592433997783287,0.0,0.0,0.0,omni
0.7273399357428707,3.724832,0.022922083928318005,0.0,0.0,0.0,0.2910559021639537,0.0,0.011363355849294234,0.0,0.0,0.0,unicycle
0.7360946501862318,3.724832,0.0232560698449906,0.0,0.0,0.0,0.29182381477870456,0.0,0.011132863889086455,0.0,0.0,0.0,omni
0.7448630591036174,3.724832,0.023583784020683413,0.0,0.0,0.0,0.29228029724618065,0.0,0.01092380585642715,0.0,0.0,0.0,unicycle
0.7536494896727184,3.724832,0.023904857197849644,0.0,0.0,0.0,0.29288101897003127,0.0,0.01070243923887459,0.0,0.0,0.0,omni
0.7624452443981655,3.724832,0.024220027449399262,0.0,0.0,0.0,0.2931918241815723,0.0,0.010505675051654072,0.0,0.0,0.0,unicycle
0.771255221659285,3.724832,0.024529003880980827,0.0,0.0,0.0,0.2936659087039786,0.0,0.01029921438605206,0.0,0.0,0.0,omni
0.780071230378353,3.724832,0.024832548528267388,0.0,0.0,0.0,0.2938669573022742,0.0,0.010118154909552141,0.0,0.0,0.0,unicycle
0.7888986127134603,3.724832,0.025130396120816818,0.0,0.0,0.0,0.2942460778369127,0.0,0.009928253084980973,0.0,0.0,0.0,omni
0.797729568155711,3.724832,0.025423295395449217,0.0,0.0,0.0,0.29436518140836226,0.0,0.009763309154413138,0.0,0.0,0.0,unicycle
0.8065697783553742,3.724832,0.025710979923513417,0.0,0.0,0.0,0.2946736733221119,0.0,0.009589484268806795,0.0,0.0,0.0,omni
0.8154117399853373,3.724832,0.02599416747010536,0.0,0.0,0.0,0.29473205433210364,0.0,0.00943958488639798,0.0,0.0,0.0,unicycle
0.8242613912074546,3.724832,0.026272578501116185,0.0,0.0,0.0,0.2949883740705779,0.0,0.009280367700360764,0.0,0.0,0.0,omni
0.8331114523802354,3.724832,0.02654689314126585,0.0,0.0,0.0,0.29500203909270184,0.0,0.009143821338322047,0.0,0.0,0.0,unicycle
0.8419680535082172,3.724832,0.026816814976350054,0.0,0.0,0.0,0.29522003759938686,0.0,0.008997394502806578,0.0,0.0,0.0,omni
0.8508240818308932,3.724832,0.02708298572304198,0.0,0.0,0.0,0.29520094408919445,0.0,0.008872358223064036,0.0,0.0,0.0,unicycle
0.8596858095983786,3.724832,0.02734509255784676,0.0,0.0,0.0,0.2953909255828482,0.0,0.008736894493492794,0.0,0.0,0.0,omni
0.8685462476446839,3.724832,0.027603740945717607,0.0,0.0,0.0,0.2953479348768381,0.0,0.008621612929028194,0.0,0.0,0.0,unicycle
0.8774117729099313,3.724832,0.027858604106131047,0.0,0.0,0.0,0.2955175088415788,0.0,0.008495438680447874,0.0,0.0,0.0,omni
0.8862754872112737,3.724832,0.028110254641870797,0.0,0.0,0.0,0.2954571433780804,0.0,0.008388351191324868,0.0,0.0,0.0,unicycle
0.8951438440365906,3.724832,0.028358354985451504,0.0,0.0,0.0,0.2956118941772292,0.0,0.008270011452690407,0.0,0.0,0.0,omni
0.9040100118466732,3.724832,0.028603448577762303,0.0,0.0,0.0,0.2955389270027575,0.0,0.00816978641036015,0.0,0.0,0.0,unicycle
0.9128804997720115,3.724832,0.02884519028152079,0.0,0.0,0.0,0.29568293084460573,0.0,0.008058056791949552,0.0,0.0,0.0,omni
0.9217485248933299,3.724832,0.029084097915362293,0.0,0.0,0.0,0.2956008373772823,0.0,0.007963587794717005,0.0,0.0,0.0,unicycle
0.9306206365695779,3.724832,0.029319821710272993,0.0,0.0,0.0,0.2957370558749304,0.0,0.007857459830356513,0.0,0.0,0.0,omni
0.9394900872507306,3.724832,0.029552856920970736,0.0,0.0,0.0,0.29564835603842526,0.0,0.00776784035659142,0.0,0.0,0.0,unicycle
0.9483634552357245,3.724832,0.029782851615907286,0.0,0.0,0.0,0.2957789328331383,0.0,0.0076664898312181215,0.0,0.0,0.0,omni
0.9572340186343784,3.724832,0.030010281380173424,0.0,0.0,0.0,0.29568544662179913,0.0,0.007580992142204541,0.0,0.0,0.0,unicycle
0.966108376451966,3.724832,0.030234794313674044,0.0,0.0,0.0,0.29581192725291305,0.0,0.007483764450020807,0.0,0.0,0.0,omni
0.9749798254020707,3.724832,0.030456848588955757,0.0,0.0,0.0,0.2957149650034945,0.0,0.007401809176057132,0.0,0.0,0.0,unicycle
0.9838549792354525,3.724832,0.030676093994127438,0.0,0.0,0.0,0.2958384611127255,0.0,0.007308180172389339,0.0,0.0,0.0,omni
0.9927271481549027,3.724832,0.03089297316229098,0.0,0.0,0.0,0.2957389639816699,0.0,0.007229305605451358,0.0,0.0,0.0,unicycle
1.0016029563556594,3.724832,0.031107138874642202,0.0,0.0,0.0,0.29586027335855536,0.0,0.00713885707837408,0.0,0.0,0.0,omni
1.0104757238357152,3.724832,0.03131901976367346,0.0,0.0,0.0,0.2957589160018523,0.0,0.00706269630104193,0.0,0.0,0.0,unicycle
1.0193520821444781,3.724832,0.03152827260904059,0.0,0.0,0.0,0.2958786102921025,0.0,0.006975094845570943,0.0,0.0,0.0,omni
1.028225390494528,3.724832,0.031734773094986096,0.0,0.0,0.0,0.29577694500165075,0.0,0.006883349531516715,0.0,0.0,0.0,unicycle
1.0371023028370183,3.724832,0.03193789211876141,0.0,0.0,0.0,0.29589707808300947,0.0,0.0067706341258441235,0.0,0.0,0.0,omni
1.0459762682149776,3.724832,0.032135336323732,0.0,0.0,0.0,0.29579884593198047,0.0,0.006581473499019648,0.0,0.0,0.0,unicycle
1.0548539860737989,3.724832,0.03232538171664401,0.0,0.0,0.0,0.2959239286273683,0.0,0.0063348464303999855,0.0,0.0,0.0,omni
1.0637288739477613,3.724832,0.03250476444866682,0.0,0.0,0.0,0.29582959579875334,0.0,0.0059794244007603265,0.0,0.0,0.0,unicycle
1.0726076015457797,3.724832,0.03267155350499229,0.0,0.0,0.0,0.2959575866006201,0.0,0.005559635210849289,0.0,0.0,0.0,omni
1.0814834942265985,3.724832,0.03282216520545883,0.0,0.0,0.0,0.2958630893606333,0.0,0.005020390015551814,0.0,0.0,0.0,unicycle
1.0903631627034673,3.724832,0.0329549263463049,0.0,0.0,0.0,0.2959889492289592,0.0,0.0044253713615359245,0.0,0.0,0.0,omni
1.0992398145196425,3.724832,0.033066263865340395,0.0,0.0,0.0,0.295888393872502,0.0,0.0037112506345163537,0.0,0.0,0.0,unicycle
1.1081199979632144,3.724832,0.033154982308803704,0.0,0.0,0.0,0.29600611478572203,0.0,0.0029572814487774032,0.0,0.0,0.0,omni
1.1169967968153383,3.724832,0.03321766721683364,0.0,0.0,0.0,0.2958932950707871,0.0,0.0020894969343308416,0.0,0.0,0.0,unicycle
1.1258767073108167,3.724832,0.033253683132460854,0.0,0.0,0.0,0.29599701651594257,0.0,0.0012005305209072809,0.0,0.0,0.0,omni
1.1347526940283401,3.724832,0.033259821395055345,0.0,0.0,0.0,0.29586622391744,0.0,0.00020460875314977606,0.0,0.0,0.0,unicycle
1.1436312181545591,3.724832,0.03323601437007348,0.0,0.0,0.0,0.29595080420729614,0.0,-0.0007935674993954237,0.0,0.0,0.0,omni
1.1525051349518083,3.724832,0.03317925583580553,0.0,0.0,0.0,0.295797226574971,0.0,-0.0018919511422652103,0.0,0.0,0.0,omni
1.1612856986434223,3.724832,0.03307559866171786,0.0,0.0,0.0,0.29268545638713667,0.0,-0.0034552391362553153,0.0,0.0,0.0,omni
1.1699144525228833,3.724832,0.03291445271934745,0.0,0.0,0.0,0.28762512931535045,0.0,-0.005371531412347086,0.0,0.0,0.0,omni
1.178355435434679,3.724832,0.032687885984048454,0.0,0.0,0.0,0.2813660970598634,0.0,-0.007552224509967065,0.0,0.0,0.0,omni
1.1865891703403457,3.724832,0.03239009397609405,0.0,0.0,0.0,0.27445783018889286,0.0,-0.009926400265147056,0.0,0.0,0.0,omni
1.1946080545784186,3.724832,0.03201699121193524,0.0,0.0,0.0,0.2672961412690998,0.0,-0.01243675880529363,0.0,0.0,0.0,omni
1.2024128487819608,3.724832,0.03156589148724093,0.0,0.0,0.0,0.2601598067847468,0.0,-0.015036657489810746,0.0,0.0,0.0,omni
1.2100100236324784,3.724832,0.03103525334646634,0.0,0.0,0.0,0.2532391616839301,0.0,-0.01768793802581941,0.0,0.0,0.0,omni
1.2174097735791685,3.724832,0.03042447395537161,0.0,0.0,0.0,0.24665833155632538,0.0,-0.020359313036491043,0.0,0.0,0.0,omni
1.2246245466749126,3.724832,0.029733719493201485,0.0,0.0,0.0,0.24049243652481928,0.0,-0.023025148739004266,0.0,0.0,0.0,omni
1.231667971677865,3.724832,0.028963783651587693,0.0,0.0,0.0,0.23478083343174097,0.0,-0.02566452805379292,0.0,0.0,0.0,omni
1.2385540890886702,3.724832,0.0281159682635755,0.0,0.0,0.0,0.22953724702684344,0.0,-0.028260512933739705,0.0,0.0,0.0,omni
1.2452968472856714,3.724831816219761,0.027192101993747317,0.0,0.0,0.0,0.22475860656669755,-6.126007938990089e-06,-0.03079554232760628,0.0,0.0,0.0,omni
1.25191008082247,3.7248290833691415,0.026195745287768094,0.0,0.0,0.0,0.2204411178932925,-9.109502067061868e-05,-0.03321189019930724,0.0,0.0,0.0,omni
1.2584073862617238,3.7248182683034967,0.02513272877757383,0.0,0.0,0.0,0.21657684797512214,-0.0003605021881902463,-0.03543388367314184,0.0,0.0,0.0,omni
1.264801713467375,3.724791701133607,0.024010390637776727,0.0,0.0,0.0,0.21314424018837147,-0.000885572329663428,-0.037411271326570024,0.0,0.0,0.0,omni
1.271105093651897,3.7247403430276664,0.022837013886896212,0.0,0.0,0.0,0.21011267281740467,-0.0017119368647047016,-0.03911255836268364,0.0,0.0,0.0,omni
1.2773284680691865,3.724654352633901,0.02162141640130405,0.0,0.0,0.0,0.20744581390963962,-0.002866346458832565,-0.040519916186405526,0.0,0.0,0.0,omni
1.2834815898192529,3.724523499596425,0.020372656792974453,0.0,0.0,0.0,0.20510405833555467,-0.004361767915877729,-0.04162532027765331,0.0,0.0,0.0,omni
1.2895729779383653,3.7243374630040025,0.019099827462911778,0.0,0.0,0.0,0.20304627063709704,-0.006201219747437874,-0.04242764433542254,0.0,0.0,0.0,omni
1.295609908186221,3.72408604421734,0.017811912545261516,0.0,0.0,0.0,0.20123100826185938,-0.008380626222070284,-0.04293049725500884,0.0,0.0,0.0,omni
1.3015984290248974,3.723759316896934,0.016517693473786968,0.0,0.0,0.0,0.19961736128921298,-0.01089091068021188,-0.04314063571581838,0.0,0.0,0.0,unicycle
1.3074633492988947,3.723371548038276,0.015242185666013309,0.0,0.0,-9.28202377947281e-05,0.19549794220617445,-0.012916555557741814,-0.042516926925788526,0.0,0.0,-0.0030940079264909367,unicycle
1.3130857524116297,3.722952421297207,0.014017649597464533,0.0,0.0,-0.0004530377032085272,0.1874172441851537,-0.013919740368063115,-0.040817868951625966,0.0,0.0,-0.012007248847126638,unicycle
1.318391225410328,3.722522204709428,0.012864688673299703,0.0,0.0,-0.001231150958989599,0.17686111781139946,-0.014191624592457406,-0.03843203080549425,0.0,0.0,-0.02593710852603572,unicycle
1.3233381091187495,3.722094268436097,0.011795294672300356,0.0,0.0,-0.0025377415983985504,0.16492272330908053,-0.013953780406654974,-0.03564646669997823,0.0,0.0,-0.043553021313631715,unicycle
1.327908474028272,3.7216770904361085,0.01081519410453009,0.0,0.0,-0.00445198241548349,0.15239318909299843,-0.013373425045454102,-0.03267001892567545,0.0,0.0,-0.06380802723616466,unicycle
1.332101223024494,3.7212757528047025,0.009925644909587982,0.0,0.0,-0.007028046318742745,0.13983282522030704,-0.012575493894347346,-0.029651639831403474,0.0,0.0,-0.08586879677530852,unicycle
1.3359268551146195,3.720893028098893,0.009124802422197483,0.0,0.0,-0.010299988139622566,0.12762687016594085,-0.011652185650362237,-0.02669474957968336,0.0,0.0,-0.10906472736266079,unicycle
1.3394035236901378,3.720530149489491,0.008408749055889602,0.0,0.0,-0.014285521910882362,0.11602896217618945,-0.01067048817486702,-0.023868445543596004,0.0,0.0,-0.13285112570865978,unicycle
1.3425541004759933,3.720187344933314,0.007772262543384898,0.0,0.0,-0.018989001644108418,0.1051948911169509,-0.009678094279996328,-0.021216217083490165,0.0,0.0,-0.15678265777420197,unicycle
1.3454040174365338,3.71986419998145,0.00720938188262768,0.0,0.0,-0.02440382665060514,0.09520867453302238,-0.008708036288532629,-0.018762688691907215,0.0,0.0,-0.1804941668832244,unicycle
1.347979707289746,3.7195598992260344,0.006713817607340706,0.0,0.0,-0.03051442730514412,0.08610258920956844,-0.007782303227160552,-0.01651880917623244,0.0,0.0,-0.2036866884846332,unicycle
1.3503075016882198,3.719273383883067,0.006279243012678851,0.0,0.0,-0.03729793924822898,0.0778724578688453,-0.006914652053873343,-0.014485819822061761,0.0,0.0,-0.22611706476949633,unicycle
1.3524128766426033,3.719003452877082,0.005899495020338159,0.0,0.0,-0.044725639561220214,0.07048922429196483,-0.006112782017704832,-0.012658266411356445,0.0,0.0,-0.24759001043304255,unicycle
1.354319958998944,3.718748826890045,0.005568707059500536,0.0,0.0,-0.05276419427729694,0.06390763657525277,-0.0053800071775674755,-0.011026265361254109,0.0,0.0,-0.26795182386922645,unicycle
1.356051226996983,3.7185081888530123,0.005281391344299911,0.0,0.0,-0.06137675012133411,0.0580726872267599,-0.004716534700107995,-0.009577190506687417,0.0,0.0,-0.28708519480124217,unicycle
1.357627353134732,3.7182802099462204,0.005032483982266207,0.0,0.0,-0.07052389252016779,0.05292432212054851,-0.004120434540285307,-0.008296912067790171,0.0,0.0,-0.304904746627794,unicycle
1.359067149548567,3.7180635670008417,0.004817363239794498,0.0,0.0,-0.08016448505581987,0.04840082126279372,-0.003588368447908395,-0.007170691415723623,0.0,0.0,-0.3213530845217411,unicycle
1.3603875855339063,3.717856954975469,0.004631848849880268,0.0,0.0,-0.09025640139795507,0.04444116746870218,-0.0031161320985546095,-0.006183812997141041,0.0,0.0,-0.3363972114045139,unicycle
1.3616038542003661,3.7176590966730427,0.004472188337443644,0.0,0.0,-0.10075715841915497,0.0409866500240206,-0.002699052836786065,-0.005322017081220731,0.0,0.0,-0.35002523404000585,unicycle
1.362729470997238,3.717468750877419,0.004335034848890768,0.0,0.0,-0.11162445799718232,0.037981895672995286,-0.0023322764913191163,-0.004571782951762489,0.0,0.0,-0.3622433192675888,unicycle
1.3637763912983094,3.717284719473019,0.004217419817327487,0.0,0.0,-0.12281664447376056,0.03537547598300446,-0.0020109695288728947,-0.003920501052109383,0.0,0.0,-0.37307288255262006,unicycle
1.364755137670985,3.717105853751628,0.004116722902857108,0.0,0.0,-0.13429308455375535,0.033120205985747914,-0.001730457094417732,-0.0033565638156792463,0.0,0.0,-0.3825480026665079,unicycle
1.3656749300905624,3.716931059922255,0.004030640962643418,0.0,0.0,-0.1460144763885622,0.031173222135655786,-0.0014863129485018457,-0.002869398007123006,0.0,0.0,-0.39071306116024157,unicycle
1.3665438143696411,3.7167593037609543,0.00395715728328478,0.0,0.0,-0.15794309456965092,0.029495906571021486,-0.0012744137216579338,-0.002449455978621303,0.0,0.0,-0.3976206060363067,unicycle
1.3673687855925862,3.7165896143238513,0.003894511913059444,0.0,0.0,-0.17004297769465773,0.028053708218765273,-0.0010909670716881224,-0.0020881790075112077,0.0,0.0,-0.4033294375002463,unicycle
1.3681559044846807,3.716421086668217,0.003841173635638377,0.0,0.0,-0.18228006502808972,0.026815898493211657,-0.000932521099030354,-0.0017779425807022081,0.0,0.0,-0.4079029111144187,unicycle
1.3689104054909635,3.716252883563449,0.0037958139076666488,0.0,0.0,-0.19462228855401298,0.025755289437507402,-0.000795960625523383,-0.0015119909323909194,0.0,0.0,-0.4114074508641292,unicycle
1.3696367959583085,3.7160842362139044,0.0037572829226285766,0.0,0.0,-0.20703962641534907,0.02484793453201838,-0.0006784945740418026,-0.0012843661679357182,0.0,0.0,-0.4139112620445559,unicycle
1.370338946258935,3.7159144440515615,0.0037245878488213376,0.0,0.0,-0.2195041233673209,0.024072826559836107,-0.0005776376215667367,-0.0010898357935746178,0.0,0.0,-0.415483231732414,unicycle
1.3710201710056131,3.7157428736849316,0.0036968732092341645,0.0,0.0,-0.23198988345796648,0.02341160248757718,-0.0004911884729792435,-0.0009238213195724581,0.0,0.0,-0.4161920030215404,unicycle
1.3716833017204861,3.7155689571103183,0.0036734033172021903,0.0,0.0,-0.24447303970359674,0.022848261982036225,-0.0004172064666210025,-0.0007823297343991604,0.0,0.0,-0.41610520818769503,unicycle
1.3723307514557324,3.7153921893026682,0.003653546647290083,0.0,0.0,-0.256931705067457,0.0223689036960228,-0.0003539877351079171,-0.0006618889970702605,0.0,0.0,-0.41528884546202927,unicycle
1.3729645719445194,3.71521212530692,0.003636762000860364,0.0,0.0,-0.2693459085893616,0.02196148162713511,-0.0003000417738833651,-0.0005594882143239672,0.0,0.0,-0.4138067840635051,unicycle
1.3735865038998645,3.7150283769483736,0.003622586316265464,0.0,0.0,-0.28169752006391474,0.021615582529433703,-0.00025406899004033225,-0.0004725228198299981,0.0,0.0,-0.41172038248512566,unicycle
1.3741980210885334,3.71484060927363,0.003610623971562454,0.0,0.0,-0.2939701662338153,0.02132222442069024,-0.00021493959480019007,-0.00039874482343366774,0.0,0.0,-0.40908820566337,unicycle
1.3748003687957824,3.7146485368235567,0.003600537430797912,0.0,0.0,-0.30614914105900987,0.02107367558372446,-0.00018167404872045087,-0.0003362180254847581,0.0,0.0,-0.40596582750650656,unicycle
1.3753945972712454,3.7144519198277193,0.0035920390915236237,0.0,0.0,-0.3182213122463984,0.02086329303649627,-0.00015342515660761625,-0.00028327797580960664,0.0,0.0,-0.40240570624630306,unicycle
1.3759815907116073,3.7142505603968194,0.003584884199995803,0.0,0.0,-0.3301750258809083,0.020685379185561212,-0.00012946182932485525,-0.00023849638426071303,0.0,0.0,-0.398457121150347,unicycle
1.3765620922956523,3.7140442987767015,0.0035788647105339643,0.0,0.0,-0.34200001068812963,0.020535055237556575,-0.0001091544744447963,-0.00020064964872793157,0.0,0.0,-0.39416616024072576,unicycle
1.3771367257445999,3.7138330097149987,0.003573803976084094,0.0,0.0,-0.3536872831812669,0.02040814989001725,-9.196194094666444e-05,-0.00016869114832903162,0.0,0.0,-0.3895757497712571,unicycle
1.3777060138373294,3.7136165989799155,0.003569552167656982,0.0,0.0,-0.365229054699996,0.020301101830428513,-7.741992018599053e-05,-0.00014172694757038813,0.0,0.0,-0.38472571729098376,unicycle
1.3782703942675953,3.713395000060219,0.0035659823306608517,0.0,0.0,-0.37661864113435517,0.02021087462162678,-6.513069253268319e-05,-0.00011899456653767996,0.0,0.0,-0.3796528811453184,unicycle
1.3788302331895814,3.713168171066374,0.0035629869959954152,0.0,0.0,-0.3878503759410669,0.02013488262792303,-5.475410357855245e-05,-9.984448884786879e-05,0.0,0.0,-0.37439116022373625,unicycle
1.3793858367597873,3.7129360918449406,0.0035604752729850985,0.0,0.0,-0.3989195269004293,0.020070926728866727,-4.5999653517915454e-05,-8.372410034387602e-05,0.0,0.0,-0.3689716986454251,unicycle
1.3799374609476516,3.712698761311839,0.003558370359727038,0.0,0.0,-0.4098222169267475,0.02001713866851089,-3.8619586581138857e-05,-7.016377526870547e-05,0.0,0.0,-0.3634230008772832,unicycle
1.3804853198546712,3.7124561950047634,0.0035566074141844643,0.0,0.0,-0.42055534913177595,0.01997193299172434,-3.2402873030427735e-05,-5.8764851419111695e-05,0.0,0.0,-0.35777107350095955,unicycle
1.3810295927521112,3.7122084228508268,0.003555131736369666,0.0,0.0,-0.43111653624643487,0.01993396562156389,-2.7169983302385185e-05,-4.918926049324388e-05,0.0,0.0,-0.3520395704886411,unicycle
1.3815704300206957,3.7119554871422817,0.0035538972182560125,0.0,0.0,-0.4415040344288609,0.019902098230286075,-2.2768361737179483e-05,-4.115060378844315e-05,0.0,0.0,-0.3462499394142101,unicycle
1.3821079581517468,3.7116974407108043,0.003552865023672972,0.0,0.0,-0.45171668142451155,0.019875367649523065,-1.9068515489663224e-05,-3.4406486101345884e-05,0.0,0.0,-0.34042156652169614,unicycle
1.3826422839480108,3.711434345289152,0.0035520024654176127,0.0,0.0,-0.46175383899456784,0.019852959651456975,-1.596064233535089e-05,-2.875194184533563e-05,0.0,0.0,-0.33457191900188477,unicycle
1.3831734980435988,3.711166270047976,0.0035512820512112447,0.0,0.0,-0.47161533949045403,0.019834186512004876,-1.335172893298107e-05,-2.4013806878962657e-05,0.0,0.0,-0.3287166831962126,unicycle
1.3837016778459454,3.7108932902949974,0.00355068067399285,0.0,0.0,-0.48130143642326956,0.01981846783894574,-1.1163058535199477e-05,-2.0045907279846455e-05,0.0,0.0,-0.322869897760526,unicycle
1.3842268899882033,3.7106154863236003,0.0035501789254233362,0.0,0.0,-0.4908127588558401,0.019805314212709993,-9.328074059158618e-06,-1.672495231714524e-05,0.0,0.0,-0.31704408108569015,unicycle
1.384749192367846,3.7103329423980305,0.0035497605144263183,0.0,0.0,-0.50015026943063,0.019794313245514866,-7.79054879267335e-06,-1.3947033233945835e-05,0.0,0.0,-0.31125035249300687,unicycle
1.385268635836273,3.710045745862753,0.003549411775159085,0.0,0.0,-0.5093152258377861,0.01978511771607483,-6.503022803490172e-06,-1.1624642241084381e-05,0.0,0.0,-0.30549854690520495,unicycle
1.385785265594677,3.709753986364077,0.003549121251035403,0.0,0.0,-0.5183091455230856,0.01977743548272127,-5.425468345685073e-06,-9.684137456072285e-06,0.0,0.0,-0.29979732284332405,unicycle
1.3862991223432253,3.709457755172795,0.00354887934334998,0.0,0.0,-0.5271337734347044,0.01977102091793069,-4.524152239540572e-06,-8.063589514095927e-06,0.0,0.0,-0.29415426372062325,unicycle
1.3868102432235057,3.7091571445973215,0.0035486780147193538,0.0,0.0,-0.5357910526097278,0.019765667642494704,-3.7706673703737954e-06,-6.710954354222875e-06,0.0,0.0,-0.28857597250079137,unicycle
1.3873186625881122,3.70885224747758,0.003548510538988468,0.0,0.0,-0.544283097405614,0.019761202368362568,-3.1411091442381264e-06,-5.582524362874684e-06,0.0,0.0,-0.28306815986287426,unicycle
1.38782441262603,3.708543156750672,0.003548371290485868,0.0,0.0,-0.5526121691877957,0.01975747968602129,-2.615375993518951e-06,-4.641616753359007e-06,0.0,0.0,-0.2776357260727249,unicycle
1.3883275238680137,3.7082299650801223,0.0035482555665693766,0.0,0.0,-0.5607806542918943,0.01975437765559137,-2.176575883234452e-06,-3.857463883066771e-06,0.0,0.0,-0.27228283680328536,unicycle
1.3888280255923595,3.7079127645412657,0.003548159438311599,0.0,0.0,-0.5687910440871784,0.019751794081017307,-1.8105232686816038e-06,-3.2042752592296295e-06,0.0,0.0,-0.2670129931761395,unicycle
1.389325946148223,3.70759164635604,0.003548079624951043,0.0,0.0,-0.5766459169766796,0.01974964336419454,-1.5053131346262254e-06,-2.660445351888768e-06,0.0,0.0,-0.26182909631670626,unicycle
1.3898213132108934,3.7072667006711284,0.003548013388397971,0.0,0.0,-0.584347922178491,0.019747853850936383,-1.2509606409523171e-06,-2.2078851024221964e-06,0.0,0.0,-0.25673350672705225,unicycle
1.3903141539810955,3.706938016374039,0.003547958444650088,0.0,0.0,-0.5918997651420472,0.019746365593649614,-1.039096542376909e-06,-1.8314582627506514e-06,0.0,0.0,-0.2517280987852042,unicycle
1.3908044953384198,3.7066056809422734,0.0035479128894553465,0.0,0.0,-0.599304194462429,0.01974512846672649,-8.627099705469669e-07,-1.5185064913636938e-06,0.0,0.0,-0.24681431067939655,unicycle
1.391292363957312,3.7062697803212896,0.003547875135969528,0.0,0.0,-0.6065639901648608,0.0197441005802148,-7.159313928094553e-07,-1.258449527277605e-06,0.0,0.0,-0.24199319008106285,unicycle
1.3917777863926455,3.7059303988274452,0.003547843862505085,0.0,0.0,-0.6136819532404372,0.01974324694550801,-5.938496176942933e-07,-1.0424488147453562e-06,0.0,0.0,-0.2372654358525382,unicycle
1.392260789140715,3.7055876190725416,0.0035478179687638903,0.0,0.0,-0.620660896322693,0.019742538353791937,-4.923576245737443e-07,-8.631247064586005e-07,0.0,0.0,-0.23263143607519646,unicycle
1.3927413986804962,3.705241521907011,0.003547796539197734,0.0,0.0,-0.627503635402846,0.019741950433955505,-4.0802277351760476e-07,-7.143188718616026e-07,0.0,0.0,-0.22809130267176841,unicycle
1.393219641499176,3.704892186379123,0.003547778812353264,0.0,0.0,-0.6342129824893488,0.01974146286176442,-3.3797761825002226e-07,-5.9089481564286e-07,0.0,0.0,-0.22364490288342864,unicycle
1.3936955441052612,3.704539689707924,0.0035477641552382495,0.0,0.0,-0.640791739124799,0.0197410586964318,-2.798281154663118e-07,-4.885705004947027e-07,0.0,0.0,-0.21929188784834364,unicycle
1.3941691330319843,3.7041841072679023,0.003547752041898406,0.0,0.0,-0.6472426906802221,0.019740723824406843,-2.3157651085452202e-07,-4.0377799476979006e-07,0.0,0.0,-0.21503171851410444,unicycle
1.3946404348332366,3.7038255125836206,0.003547742035522815,0.0,0.0,-0.6535686013532854,0.01974044649333516,-1.915565975767452e-07,-3.335458530494558e-07,0.0,0.0,-0.21086368910210856,unicycle
1.3951094760738547,3.7034639773327984,0.0035477337735046344,0.0,0.0,-0.6597722098031173,0.01974021692180237,-1.5837939679197342e-07,-2.7540060603729975e-07,0.0,0.0,-0.2067869483277325,unicycle
1.3955762833157375,3.7030995713565,0.003547726954975544,0.0,0.0,-0.6658562253601037,0.019740026972726137,-1.3088761080961846e-07,-2.2728430299114668e-07,0.0,0.0,-0.20280051856621992,unicycle
1.3960408831010007,3.7027323626752833,0.0035477213304096426,0.0,0.0,-0.6718233247543257,0.019739869880170235,-1.081174552411136e-07,-1.87485530072355e-07,0.0,0.0,-0.19890331314073417,unicycle
1.3965033019331319,3.7023624175103063,0.003547716692957611,0.0,0.0,-0.6776761493112081,0.01973974002096905,-8.926669362496683e-08,-1.5458173437819234e-07,0.0,0.0,-0.1950941518960768,unicycle
1.396963566256921,3.701989800308511,0.0035477128712267988,0.0,0.0,-0.6834173025674848,0.019739632723915986,-7.366788209306525e-08,-1.2739102705365824e-07,0.0,0.0,-0.19137177520922505,unicycle
1.3974217024377833,3.7016145737711588,0.0035477097232689235,0.0,0.0,-0.6890493482647686,0.019739544110422204,-6.07659875887513e-08,-1.0493192919085592e-07,0.0,0.0,-0.18773485657613287,unicycle
1.3978777367409525,3.7012367988850445,0.0035477071315758446,0.0,0.0,-0.6945748086818645,0.019739470961525195,-5.00996751193387e-08,-8.638976928395323e-08,0.0,0.0,-0.18418201390319222,unicycle
1.3983316953109248,3.7008565349558524,0.0035477049989164136,0.0,0.0,-0.6999961632705058,0.019739410606947134,-4.1285671110500366e-08,-7.108864770221848e-08,0.0,0.0,-0.18071181962137714,unicycle
1.398870423992141,3.7004003461425974,0.003547703244874679,0.0,0.0,-0.7052533296684023,0.023531019079988162,-3.4005704194634194e-08,-5.846805784301027e-08,0.0,0.0,-0.17523887992988085,unicycle
1.3996260056441443,3.6997538467301494,0.0035477018029726696,0.0,0.0,-0.7102536415790963,0.033147267082481766,-2.7995604331622022e-08,-4.806340032907335e-08,0.0,0.0,-0.1666770636897966,unicycle
1.4006805677028475,3.698842646216493,0.0035477006182801675,0.0,0.0,-0.7149410083076825,0.04645656356166338,-2.3036208266066474e-08,-3.9489750070424726e-08,0.0,0.0,-0.15624555761954428,unicycle
1.402079785520845,3.697622563908961,0.003547699645429973,0.0,0.0,-0.719286161571329,0.06188175787397267,-1.8945775877546532e-08,-3.2428339830911935e-08,0.0,0.0,-0.14483844212154698,unicycle
1.403843111556672,3.6960720004582917,0.003547698846970638,0.0,0.0,-0.723279199075729,0.07826999601830655,-1.557366960352206e-08,-2.661531118668584e-08,0.0,0.0,-0.13310125014667437,unicycle
1.405971471983834,3.6941859864189146,0.0035476981919999265,0.0,0.0,-0.7269239126479744,0.09479202976851864,-1.2795089189023365e-08,-2.1832357035129253e-08,0.0,0.0,-0.12149045240817835,unicycle
1.4084530208790937,3.6919715480367343,0.0035476976550316876,0.0,0.0,-0.7302335005848766,0.11086444357895452,-1.050668771596691e-08,-1.7898941307226223e-08,0.0,0.0,-0.11031959789673655,unicycle
1.411267414641164,3.68944411331239,0.0035476972150566936,0.0,0.0,-0.7332273513787666,0.1260896912757359,-8.622923182890076e-09,-1.4665833114371471e-08,0.0,0.0,-0.09979502646300861,unicycle
1.4143081650430167,3.6866975378204825,0.0035476968547646197,0.0,0.0,-0.7359945190621962,0.13658473419146422,-7.073023686484263e-09,-1.2009735794772688e-08,0.0,0.0,-0.0922389227809828,unicycle
1.4174237149912985,3.683867980819374,0.0035476965598997927,0.0,0.0,-0.7386646344070772,0.14028960057503748,-5.798464213673637e-09,-9.828827542996181e-09,0.0,0.0,-0.08900384482936612,unicycle
1.4205081399169517,3.681051621254579,0.003547696318727974,0.0,0.0,-0.7413365169369986,0.13922630937033675,-4.750869791283987e-09,-8.039060629567089e-09,0.0,0.0,-0.08906275099737773,unicycle
1.4234898497821822,3.6783141929695415,0.0035476961215952264,0.0,0.0,-0.7440856345045033,0.13492433128285947,-3.890273770207534e-09,-6.571091590822018e-09,0.0,0.0,-0.09163725225015573,unicycle
1.4263228851148704,3.675698516167021,0.0035476959605631464,0.0,0.0,-0.7469694720215839,0.12852956700730128,-3.18367177362199e-09,-5.367735988581196e-09,0.0,0.0,-0.09612791723601868,unicycle
1.42898021650946,3.673230388287312,0.003547695829107375,0.0,0.0,-0.7500314174163336,0.12089056413717762,-2.603821678132668e-09,-4.381859074945638e-09,0.0,0.0,-0.10206484649166081,unicycle
1.4314485991193389,3.670923151472922,0.00354769572186852,0.0,0.0,-0.7533036014587567,0.1126265442008582,-2.1282482294603756e-09,-3.574628513542134e-09,0.0,0.0,-0.10907280141409814,unicycle
1.4337246372891739,3.668781204277035,0.00354769563444649,0.0,0.0,-0.756809004242615,0.10418091925493105,-1.7384177789551848e-09,-2.9140676789205608e-09,0.0,0.0,-0.11684675946194786,unicycle
1.435811791758336,3.6668026785863614,0.003547695563230738,0.0,0.0,-0.7605630509543403,0.09586325561879719,-1.4190543813629143e-09,-2.3738583788538984e-09,0.0,0.0,-0.12513489039084308,unicycle
1.4377181205556222,3.6649814614589817,0.0035476955052602243,0.0,0.0,-0.764574853777152,0.08788205878777096,-1.1575733009516247e-09,-1.9323504544104426e-09,0.0,0.0,-0.13372676076039275,unicycle
1.4394545898965503,3.663308706415994,0.003547695458107937,0.0,0.0,-0.7688482089005132,0.08037028232361573,-9.436119861990676e-10,-1.5717428904478042e-09,0.0,0.0,-0.14244517077870994,unicycle
1.4410338265472789,3.6617739494530275,0.0035476954197857253,0.0,0.0,-0.7733824230111888,0.07340508340537555,-7.686419220229366e-10,-1.2774070499014411e-09,0.0,0.0,-0.1511404703558495,unicycle
1.4424692106593526,3.6603659210447925,0.0035476953886658964,0.0,0.0,-0.7781730189437365,0.06702304147353387,-6.256475615360424e-10,-1.0373276260786376e-09,0.0,0.0,-0.1596865310849333,unicycle
1.4437742297590452,3.659073125969907,0.003547695363416665,0.0,0.0,-0.7832123528285553,0.06123180997242499,-5.08860867588154e-10,-8.416410532588254e-10,0.0,0.0,-0.1679777961606288,unicycle
1.4449620316924692,3.657884247157648,0.0035476953429490286,0.0,0.0,-0.7884901631702941,0.0560189731676389,-4.135419342684115e-10,-6.822545654692773e-10,0.0,0.0,-0.1759270113912928,unicycle
1.4460450812811239,3.6567883713345997,0.003547695326373069,0.0,0.0,-0.7940790053512947,0.05135872110552372,-3.3579777406977464e-10,-5.525319619868949e-10,0.0,0.0,-0.18629473936668928,unicycle
1.4470349243204834,3.655775113861202,0.003547695312962033,0.0,0.0,-0.8000944370789582,0.047216828455063746,-2.7243270114484334e-10,-4.470345225949205e-10,0.0,0.0,-0.20051439092211493,unicycle
1.447942117021929,3.6548347541550745,0.0035476953021228077,0.0,0.0,-0.806601746158346,0.04355432111530685,-2.2082485986140212e-10,-3.613074966903772e-10,0.0,0.0,-0.2169103026462547,unicycle
1.448776240952869,3.653958341628009,0.003547695293371681,0.0,0.0,-0.8136293365388827,0.040330133129619916,-1.7882437821523386e-10,-2.917042354714087e-10,0.0,0.0,-0.23425301268455911,unicycle
1.4495459319729862,3.653137734131758,0.003547695286314439,0.0,0.0,-0.8211789757828581,0.03750299160966161,-1.4466939894549156e-10,-2.3524140196072306e-10,0.0,0.0,-0.2516546414658536,unicycle
1.4502589215702293,3.6523655930043164,0.0035476952806300435,0.0,0.0,-0.8292336102351665,0.03503271579199333,-1.1691688363590514e-10,-1.8947982653711814e-10,0.0,0.0,-0.2684878150769429,unicycle
1.450922088119682,3.651635351375785,0.0035476952760572483,0.0,0.0,-0.837763297268405,0.03288107540647406,-9.438561856434625e-11,-1.5242651514060767e-10,0.0,0.0,-0.2843229011079482,unicycle
1.4515415152688762,3.6509411670613923,0.003547695272383626,0.0,0.0,-0.846729681801189,0.03101232111139281,-7.610929385669004e-11,-1.2245409605103698e-10,0.0,0.0,-0.2988794844261399,unicycle
1.4521225547157637,3.6502778676008116,0.0035476952694365876,0.0,0.0,-0.8560893491664271,0.029393474139165935,-6.12978948533936e-11,-9.823463632557444e-11,0.0,0.0,-0.311988912174612,unicycle
1.4526698909352016,3.649640892377174,0.003547695267076028,0.0,0.0,-0.8657963123582891,0.027994442124154455,-4.93059492209161e-11,-7.868529327374501e-11,0.0,0.0,-0.32356543972874263,unicycle
1.4531876058099662,3.649026234945392,0.0035476952651883175,0.0,0.0,-0.8758038340497247,0.02678801224554586,-3.960642582989438e-11,-6.292370860561023e-11,0.0,0.0,-0.3335840563811955,unicycle
1.45367924155386,3.648430387478036,0.0035476952636813754,0.0,0.0,-0.8860657389144218,0.02574976042566641,-3.176929060367874e-11,-5.0231418794428824e-11,0.0,0.0,-0.3420634954899073,unicycle
1.4541478607283949,3.6478502884225574,0.0035476952624806605,0.0,0.0,-0.8965373368787856,0.024857905665683664,-2.5443897762967437e-11,-4.0023857790986076e-11,0.0,0.0,-0.349053265478805,unicycle
1.4545961025238638,3.647283273929639,0.0035476952615258878,0.0,0.0,-0.9071760507675415,0.024093131106407553,-2.034453827041083e-11,-3.182577835077422e-11,0.0,0.0,-0.35462379629187335,unicycle
1.4550262347883631,3.6467270332691997,0.003547695260768355,0.0,0.0,-0.9179418206753062,0.023438387616118477,-1.623858590018097e-11,-2.5251124890044752e-11,0.0,0.0,-0.3588589969255025,unicycle
1.4554402015421055,3.64617956823537,0.003547695260168758,0.0,0.0,-0.928797340960297,0.022878691266407254,-1.2936779451024898e-11,-1.9986561447118075e-11,0.0,0.0,-0.3618506761663694,unicycle
1.4558396659123634,3.6456391564114186,0.003547695259695418,0.0,0.0,-0.939708172975451,0.022400922671274744,-1.0285260701963102e-11,-1.5777999194345834e-11,0.0,0.0,-0.36369440050514246,unicycle
1.4562260485727445,3.6451043180907456,0.0035476952593228306,0.0,0.0,-0.9506427667172185,0.02199363360400224,-8.15905469699292e-12,-1.2419584169258412e-11,0.0,0.0,-0.3644864580589286,unicycle
1.4566005618766127,3.6445737866109207,0.0035476952590304898,0.0,0.0,-0.9615724168530702,0.02164686438800036,-6.456734262743785e-12,-9.744701736890123e-12,0.0,0.0,-0.36432167119507497,unicycle
1.4569642399457763,3.6440464818412712,0.0035476952588019313,0.0,0.0,-0.9724711725948126,0.02135197413754346,-5.096056322436265e-12,-7.618633294595699e-12,0.0,0.0,-0.3632918580580902,unicycle
1.4573179650191268,3.6435214865621606,0.003547695258623954,0.0,0.0,-0.9833157162342365,0.021101484888042518,-4.010395239138492e-12,-5.932565814517542e-12,0.0,0.0,-0.36148478798081174,unicycle
1.4576624903879292,3.6429980254802583,0.003547695258485993,0.0,0.0,-0.9940852215530843,0.020888939913657353,-3.1458294844543087e-12,-4.5987084120778586e-12,0.0,0.0,-0.35898351062826833,unicycle
1.4579984602502776,3.642475446635297,0.003547695258379604,0.0,0.0,-1.0047612005292095,0.020708776012308215,-2.458763531731243e-12,-3.5463142382233514e-12,0.0,0.0,-0.3558659658708444,unicycle
1.4583264268112703,3.6419532049677503,0.0035476952582980514,0.0,0.0,-1.0153273446047801,0.020556209189604824,-1.913987965159728e-12,-2.7184422786536664e-12,0.0,0.0,-0.3522048025190292,unicycle
1.4586468649412911,3.6414308478321615,0.003547695258235971,0.0,0.0,-1.0257693651198896,0.02042713295114338,-1.4830981638900497e-12,-2.069323477453075e-12,0.0,0.0,-0.34806735050365345,unicycle
1.458960184685257,3.6409080022566314,0.003547695258189104,0.0,0.0,-1.0360748362365073,0.02031802828394349,-1.1432062140988652e-12,-1.5622201197337424e-12,0.0,0.0,-0.343515703887263,unicycle
1.4592667418929968,3.6403843637646784,0.003547695258154073,0.0,0.0,-1.046233042697989,0.020225884347021172,-8.758924599355358e-13,-1.1676875450940132e-12,0.0,0.0,-0.3386068820494055,unicycle
1.4595668472167123,3.6398596865910036,0.003547695258128208,0.0,0.0,-1.0562348340218377,0.020148128878710224,-6.663527714028356e-13,-8.62163794550312e-13,0.0,0.0,-0.33339304412829335,unicycle
1.459860773696955,3.6393337751374,0.0035476952581094037,0.0,0.0,-1.0660724861562019,0.02008256734952231,-5.027055511733117e-13,-6.26826356595333e-13,0.0,0.0,-0.32792173781215656,unicycle
1.460148763134606,3.638806476529035,0.003547695258096003,0.0,0.0,-1.0757395712032933,0.0200273299329016,-3.754290268377992e-13,-4.4666629983981256e-13,0.0,0.0,-0.3222361682363883,unicycle
1.460431031423542,3.6382776741445073,0.00354769525808671,0.0,0.0,-1.0852308354939175,0.0199808254238477,-2.7690473089362093e-13,-3.097391945459907e-13,0.0,0.0,-0.3163754763541572,unicycle
1.4607077729973923,3.6377472820054564,0.0035476952580805136,0.0,0.0,-1.094542086062118,0.019941701300914584,-2.0104746485178973e-13,-2.0655969110803314e-13,0.0,0.0,-0.3103750189400102,unicycle
1.4609791645242376,3.6372152399229662,0.003547695258076626,0.0,0.0,-1.1036700853982793,0.01990880919609741,-1.4300564687462917e-13,-1.2961273493580786e-13,0.0,0.0,-0.30426664453872376,unicycle
1.4612453679653765,3.63668150930868,0.003547695258074437,0.0,0.0,-1.1126124542380658,0.019881175106439997,-9.891889508254335e-14,-7.295939692269789e-14,0.0,0.0,-0.2980789613262229,unicycle
1.4615065330983734,3.6361460695683254,0.0035476952580734793,0.0,0.0,-1.121367582061541,0.01985797374866142,-6.572211706538364e-14,-3.1919386411517105e-14,0.0,0.0,-0.29183759411583265,unicycle
1.4617627995904643,3.635608915004353,0.0035476952580733943,0.0,0.0,-1.1299345449227625,0.019838506522276114,-4.098735572315884e-14,-2.815653548193839e-15,0.0,0.0,-0.28556542870739465,unicycle
1.462014298695917,3.6350700521625874,0.003547695258073911,0.0,0.0,-1.1383130301979427,0.01982218260668238,-2.2796260982404394e-14,1.7230784863850582e-14,0.0,0.0,-0.27928284250601754,unicycle
1.4622611546400266,3.6345294975652402,0.0035476952580748254,0.0,0.0,-1.1465032678244595,0.019808502773036828,-9.637380896347027e-15,3.0465436503242717e-14,0.0,0.0,-0.2730079208839074,unicycle
1.4625034857429093,3.633987275779381,0.003547695258075984,0.0,0.0,-1.1545059675993747,0.019797045542225538,-3.235473565195023e-16,3.8632167511254823e-14,0.0,0.0,-0.26675665916384256,unicycle
1.4627414053280297,3.633443417776032,0.0035476952580772766,0.0,0.0,-1.1623222621113285,0.01978745536589953,6.0744851344081294e-15,4.307862650106381e-14,0.0,0.0,-0.2605431503984693,unicycle
1.462975022453301,3.6328979595405,0.003547695258078621,0.0,0.0,-1.169953654891251,0.01977943254851712,1.0281268514416588e-14,4.4840401789791987e-14,0.0,0.0,-0.25437975933074997,unicycle
1.4632044424965227,3.6323509408994425,0.003547695258079962,0.0,0.0,-1.1774019733832657,0.019772724664873863,1.2859291306183331e-14,4.4708075446815864e-14,0.0,0.0,-0.24827728306715244,unicycle
1.4634297676217178,3.6318024045344997,0.0035476952580812595,0.0,0.0,-1.1846693263560202,0.01976711926000322,1.4243064329001258e-14,4.328054135230874e-14,0.0,0.0,-0.24224509909181963,unicycle
1.4636510971485237,3.631252395156185,0.0035476952580824894,0.0,0.0,-1.1917580653952875,0.019762437646928345,1.4766326621914936e-14,4.1007307530452273e-14,0.0,0.0,-0.23629130130891166,unicycle
1.463868527843042,3.6307009588151464,0.003547695258083636,0.0,0.0,-1.1986707501402136,0.01975852964287713,1.468371906262917e-14,3.8221977956880393e-14,0.0,0.0,-0.23042282483087037,unicycle
1.464082154145392,3.6301481423309108,0.003547695258084691,0.0,0.0,-1.205410116947406,0.01975526910657638,1.4188015337742447e-14,3.516868326145672e-14,0.0,0.0,-0.2246455602397394,unicycle
1.4642920683465521,3.6295939928208982,0.003547695258085652,0.0,0.0,-1.211979050688681,0.019752550158441056,1.3423790494244145e-14,3.202288480034807e-14,0.0,0.0,-0.21896445804250086,unicycle
1.4644983607248367,3.6290385573148036,0.003547695258086519,0.0,0.0,-1.2183805594094013,0.019750283982177645,1.2498237338310759e-14,2.890769738034324e-14,0.0,0.0,-0.213383624024006,unicycle
1.4647011196504889,3.628481882441487,0.0035476952580872963,0.0,0.0,-1.2246177515946761,0.01974839612081146,1.1489703132240556e-14,2.5906650177289658e-14,0.0,0.0,-0.20790640617583697,unicycle
1.4649004316653111,3.6279240141773035,0.0035476952580879885,0.0,0.0,-1.2306938158101437,0.019746824192688125,1.0454407396643011e-14,2.3073623060414247e-14,0.0,0.0,-0.2025354738489178,unicycle
1.4651555343856035,3.6271963170769763,0.003547695258088601,0.0,0.0,-1.236548602624526,0.025703915963826957,9.431711270437029e-15,2.0440548431443016e-14,0.0,0.0,-0.1951595604794164,unicycle
1.4655541200387971,3.626038231135159,0.003547695258089142,0.0,0.0,-1.2420896231979979,0.04082533812233266,8.448235830486278e-15,1.8023350145331505e-14,0.0,0.0,-0.1847006857823921,unicycle
1.4661478978049216,3.624282508709464,0.0035476952580896174,0.0,0.0,-1.2472624744683434,0.06178044397099396,7.521067774892518e-15,1.5826495671542212e-14,0.0,0.0,-0.17242837567817568,unicycle
1.4669633265595872,3.621831274104632,0.003547695258090032,0.0,0.0,-1.2520405429511685,0.08611031579785802,6.660243279091471e-15,1.3846460967391024e-14,0.0,0.0,-0.15926894942750133,unicycle
1.4680095720163053,3.618637453141434,0.0035476952580903946,0.0,0.0,-1.256417131208632,0.11202747644154815,5.870662483376697e-15,1.2074345980888732e-14,0.0,0.0,-0.1458862752487902,unicycle
1.4692843082544065,3.6146904441161585,0.0035476952580907103,0.0,0.0,-1.260399472878969,0.1382584353814529,5.1535562073429705e-15,1.0497829366818234e-14,0.0,0.0,-0.13274472234455875,unicycle
1.470777882944714,3.6100051379904174,0.0035476952580909826,0.0,0.0,-1.2640042160654361,0.16392032290042816,4.5076016820118815e-15,9.102611523159414e-15,0.0,0.0,-0.1201581062155796,unicycle
1.4724762622581793,3.604613577510286,0.0035476952580912186,0.0,0.0,-1.2672540448840313,0.18842459389497046,3.929764182795132e-15,7.873463519651361e-15,0.0,0.0,-0.10832762728651267,unicycle
1.4743630786814999,3.598558687918791,0.0035476952580914232,0.0,0.0,-1.2701751800401897,0.21140217801266736,3.4159254930167882e-15,6.7949743448076134e-15,0.0,0.0,-0.09737117187193514,unicycle
1.476421027400908,3.5918896259462327,0.0035476952580915985,0.0,0.0,-1.2727955553995318,0.2326455778364169,2.9613473634566204e-15,5.8520688868725395e-15,0.0,0.0,-0.08734584531140825,unicycle
1.4786327948648044,3.5846583854543734,0.0035476952580917494,0.0,0.0,-1.2751435117689607,0.2520643229982178,2.5610079382239485e-15,5.030353173557383e-15,0.0,0.0,-0.0782652123142999,unicycle
1.4809816549680312,3.5769173721197585,0.0035476952580918795,0.0,0.0,-1.2772468839898667,0.2696509170470503,2.2098409891039627e-15,4.316330805905152e-15,0.0,0.0,-0.07011240736353802,unicycle
1.4834518317135694,3.5687177193114135,0.0035476952580919905,0.0,0.0,-1.2791323849241236,0.2854549994854377,1.9029013331283557e-15,3.6975245728359235e-15,0.0,0.0,-0.06285003114189955,unicycle
1.4859771765515077,3.5602793313034495,0.003547695258092086,0.0,0.0,-1.2808889087782496,0.29360551514531297,1.635474673234149e-15,3.1625293928459457e-15,0.0,0.0,-0.05855079513754576,unicycle
1.488465502294514,3.5519112392304066,0.0035476952580921674,0.0,0.0,-1.2826399266258612,0.2910073489335765,1.4031460344830114e-15,2.701016570044726e-15,0.0,0.0,-0.058367261587060446,unicycle
1.4908547386045476,3.5438233298354893,0.003547695258092237,0.0,0.0,-1.2844747170435338,0.2811143469958325,1.201837754732564e-15,2.3037045294410324e-15,0.0,0.0,-0.061159680589077725,unicycle
1.4931052442348414,3.536151187944053,0.003547695258092296,0.0,0.0,-1.2864565337479195,0.2665136179915585,1.0278254567852281e-15,1.962307435360672e-15,0.0,0.0,-0.06606055681285741,unicycle
1.4951939777185899,3.5289753913945217,0.003547695258092346,0.0,0.0,-1.2886287416197373,0.24912042078957936,8.777384404652721e-16,1.6694701762136687e-15,0.0,0.0,-0.07240692906058044,unicycle
1.4971100386646297,3.5223364001810014,0.0035476952580923895,0.0,0.0,-1.2910194507830086,0.23033192624713344,7.485493766015024e-16,1.4186959418959504e-15,0.0,0.0,-0.079690305442385,unicycle
1.4988512455238248,3.516245967390056,0.003547695258092426,0.0,0.0,-1.2936450391053433,0.21114817324568047,6.375569713369578e-16,1.2042708859147382e-15,0.0,0.0,-0.0875196107444937,unicycle
1.5004215116552553,3.510695818875007,0.003547695258092457,0.0,0.0,-1.296512850418872,0.192266906681938,5.423643271230316e-16,1.021189040528374e-15,0.0,0.0,-0.0955937104509566,unicycle
1.5018288436197802,3.505664199064207,0.003547695258092483,0.0,0.0,-1.2996232795004004,0.17415766543607705,4.608549990757209e-16,8.650796504660683e-16,0.0,0.0,-0.10368096938427215,unicycle
1.503083826046847,3.5011207576343644,0.0035476952580925057,0.0,0.0,-1.3029720604956732,0.1571194226690023,3.911681864957065e-16,7.321383382733974e-16,0.0,0.0,-0.11162603317575938,unicycle
1.5041984902948002,3.4970301536737245,0.003547695258092525,0.0,0.0,-1.3065511251600797,0.14132522121726254,3.316740729708529e-16,6.190629559260699e-16,0.0,0.0,-0.11930215548021005,unicycle
1.5051854869464991,3.49335467451579,0.0035476952580925404,0.0,0.0,-1.310348839184063,0.1268565543271181,2.809500057223273e-16,5.229945687918483e-16,0.0,0.0,-0.1265904674661158,unicycle
1.5060574934921225,3.4900561011701097,0.0035476952580925543,0.0,0.0,-1.314350992206924,0.1137296847327872,2.3775796282546603e-16,4.414637244496095e-16,0.0,0.0,-0.13340510076204085,unicycle
1.5068268024079063,3.487097001752924,0.0035476952580925647,0.0,0.0,-1.3185415876615683,0.1019156473045253,2.0102357751402746e-16,3.723419529542245e-16,0.0,0.0,-0.13968651515480357,unicycle
1.5075050478746759,3.484441594738069,0.0035476952580925734,0.0,0.0,-1.3229034744705774,0.09135532117807518,1.6981685766124232e-16,3.1379830549220863e-16,0.0,0.0,-0.14539622696696336,unicycle
1.508103037674573,3.4820562919270968,0.003547695258092582,0.0,0.0,-1.3274188524364776,0.08197066938471861,1.4333464447014583e-16,2.6426064836379486e-16,0.0,0.0,-0.1505125988633474,unicycle
1.5086306635858255,3.4799100058916026,0.003547695258092589,0.0,0.0,-1.3320696757101074,0.07367301370505228,1.2088478857271537e-16,2.223813759533384e-16,0.0,0.0,-0.15502744245433914,unicycle
1.5090968691558966,3.477974286900524,0.003547695258092594,0.0,0.0,-1.3368379732417854,0.06636902856458807,1.0187197723434365e-16,1.8700717986600144e-16,0.0,0.0,-0.1589432510559301,unicycle
1.5095096582871244,3.476223338901607,0.0035476952580925994,0.0,0.0,-1.341706101076878,0.05996499120266247,8.578511781804759e-17,1.571525040917036e-16,0.0,0.0,-0.1622709278364292,unicycle
1.5098761317830565,3.474633952086459,0.003547695258092603,0.0,0.0,-1.3466569383524414,0.05436970873915809,7.218616592165051e-17,1.3197632210577073e-16,0.0,0.0,-0.16502790918544935,unicycle
1.5102025420143472,3.473185380217137,0.0035476952580926063,0.0,0.0,-1.3516740365952886,0.04949645020613961,6.070027845485441e-17,1.1076188685065683e-16,0.0,0.0,-0.1672366080949083,unicycle
1.5104943582848938,3.471859183657881,0.00354769525809261,0.0,0.0,-1.3567417302047766,0.045264138317178654,5.100716991557883e-17,9.289912529233958e-17,0.0,0.0,-0.16892312031627885,unicycle
1.5107563374096913,3.470639053484038,0.0035476952580926115,0.0,0.0,-1.3618452146753082,0.041597997856856694,4.283355238801389e-17,7.786937329324881e-17,0.0,0.0,-0.17011614901770628,unicycle
1.5109925955397372,3.469510627770862,0.0035476952580926133,0.0,0.0,-1.366970598066619,0.038429811979201846,3.5946544909455485e-17,6.523217213560431e-17,0.0,0.0,-0.170846113043683,unicycle
1.5112066784584217,3.468461307912588,0.003547695258092615,0.0,0.0,-1.3721049303881903,0.03569790190754025,3.014794478711956e-17,5.461387391472138e-17,0.0,0.0,-0.1711444107190368,unicycle
1.511401628489856,3.4674800803616592,0.0035476952580926167,0.0,0.0,-1.377236214873781,0.033346917522352096,2.5269261414074473e-17,4.5697828334967605e-17,0.0,0.0,-0.17104281618634892,unicycle
1.5115800468548772,3.466557347332063,0.0035476952580926185,0.0,0.0,-1.3823534045454346,0.03132750449863321,2.116742157222202e-17,3.8215947604598966e-17,0.0,0.0,-0.17057298905513524,unicycle
1.5117441508290697,3.4656847686398433,0.00354769525809262,0.0,0.0,-1.3874463869769067,0.029595896721155292,1.772106371968598e-17,3.194146877826161e-17,0.0,0.0,-0.1697660810490621,unicycle
1.511895825435821,3.464855115848844,0.00354769525809262,0.0,0.0,-1.392505959745734,0.028113469634620643,1.4827347063412903e-17,2.668275383480679e-17,0.0,0.0,-0.16865242562758231,unicycle
1.5120679597304731,3.463886147253455,0.00354769525809262,0.0,0.0,-1.3974611299057034,0.032804680153891375,1.2399209131679153e-17,2.2277986915430404e-17,0.0,0.0,-0.1651723386656359,unicycle
1.5123070535786192,3.4625012707181435,0.00354769525809262,0.0,0.0,-1.4022094749075598,0.04684552151245782,1.0363012971265767e-17,1.859064547665877e-17,0.0,0.0,-0.15827816672854056,unicycle
1.5126392745989934,3.4605225848814007,0.00354769525809262,0.0,0.0,-1.406686630905379,0.06687945350707605,8.656531936997379e-18,1.550563768405321e-17,0.0,0.0,-0.14923853326064626,unicycle
1.5130768868160158,3.457845365685232,0.00354769525809262,0.0,0.0,-1.4108562835360638,0.09042503180232311,7.227226290676469e-18,1.2926012272351865e-17,0.0,0.0,-0.13898842102283782,unicycle
1.513622966721171,3.454418345698507,0.00354769525809262,0.0,0.0,-1.4147024772710959,0.11567523550414362,6.0307714817737304e-18,1.0770159435522593e-17,0.0,0.0,-0.12820645783440365,unicycle
1.5142747737796782,3.4502285558834345,0.00354769525809262,0.0,0.0,-1.4182237391091732,0.1413396606816484,5.0298030610423065e-18,8.96943220761927e-18,0.0,0.0,-0.11737539460257221,unicycle
1.5150261020549638,3.445289755035137,0.00354769525809262,0.0,0.0,-1.4214286183123845,0.16652083405651766,4.192847709737458e-18,7.466127378992565e-18,0.0,0.0,-0.10682930677370715,unicycle
1.515868881759582,3.4396336723390974,0.00354769525809262,0.0,0.0,-1.4243323279858824,0.19061762793605055,3.4934138877563124e-18,6.211773388405629e-18,0.0,0.0,-0.09679032244992919,unicycle
1.516794241274849,3.4333034471588286,0.00354769525809262,0.0,0.0,-1.4269542410122635,0.21325015178273427,2.909219154015531e-18,5.165679961948721e-18,0.0,0.0,-0.08739710087937494,unicycle
1.5177931889225589,3.4263487768052134,0.00354769525809262,0.0,0.0,-1.4293160457323084,0.23420162035087086,2.4215343334376643e-18,4.2937106498796616e-18,0.0,0.0,-0.078726824001492,unicycle
1.5188570318545906,3.418822384478303,0.00354769525809262,0.0,0.0,-1.4314404086476367,0.2533736041932647,2.014627438433519e-18,3.567244950300092e-18,0.0,0.0,-0.07081209717761011,unicycle
1.519977616709915,3.4107775009101844,0.00354769525809262,0.0,0.0,-1.433350024565019,0.270751797145384,1.6752926387410136e-18,2.962301502944493e-18,0.0,0.0,-0.06365386391273783,unicycle
1.521147451945399,3.402266118404855,0.00354769525809262,0.0,0.0,-1.4350669696338105,0.28638002095659565,1.392451649733568e-18,2.458797977465247e-18,0.0,0.0,-0.057231502293057276,unicycle
1.5223597534124045,3.393337828073425,0.00354769525809262,0.0,0.0,-1.436612304492582,0.30034065704210344,1.1568167110463272e-18,2.039926849812821e-18,0.0,0.0,-0.05151116195905862,unicycle
1.5236084416738163,3.3840390926445516,0.00354769525809262,0.0,0.0,-1.4380058305754986,0.3127400716875943,9.606058869404636e-19,1.6916293305466187e-18,0.0,0.0,-0.046450869430547805,unicycle
1.5248881105041567,3.374412840319874,0.00354769525809262,0.0,0.0,-1.43926594243078,0.32369790204947746,7.97302766666732e-19,1.4021523450985868e-18,0.0,0.0,-0.04200372850939157,unicycle
1.5261937083761266,3.3645003497652195,0.00354769525809262,0.0,0.0,-1.4404095702830573,0.33327010349350145,6.614538037476441e-19,1.161675725661334e-18,0.0,0.0,-0.03812092840923819,unicycle
1.5275197464939743,3.3543469549849334,0.00354769525809262,0.0,0.0,-1.441452187014481,0.3413206575647749,5.484975313493872e-19,9.619987081920485e-19,0.0,0.0,-0.03475389104745426,unicycle
1.5288387877749785,3.344165320373458,0.00354769525809262,0.0,0.0,-1.4424735203223062,0.3422240371211604,4.546207479240762e-19,7.962764805349234e-19,0.0,0.0,-0.034044443594183904,unicycle
1.5301124567033189,3.3342507557018184,0.00354769525809262,0.0,0.0,-1.4435898103861118,0.3332013664489624,3.7663750180972547e-19,6.587989378169071e-19,0.0,0.0,-0.03720966879351511,unicycle
1.5313152529448957,3.3247977650050284,0.00354769525809262,0.0,0.0,-1.444883477856981,0.3176401957780778,3.1188733199578153e-19,5.448050030258943e-19,0.0,0.0,-0.04312224902897872,unicycle
1.532431387276527,3.315925912167322,0.00354769525809262,0.0,0.0,-1.4464116975648866,0.2980595469611535,2.581497592937235e-19,4.503268935622642e-19,0.0,0.0,-0.05094065693019802,unicycle
1.53345237458393,3.3076998093566923,0.00354769525809262,0.0,0.0,-1.4482128344264715,0.2763073994834866,2.135724803744996e-19,3.7205958416364857e-19,0.0,0.0,-0.06003789538616486,unicycle
1.5343751553663072,3.3001444683191505,0.00354769525809262,0.0,0.0,-1.4503112505367342,0.2537162102839986,1.7661110760060635e-19,3.07251455080645e-19,0.0,0.0,-0.06994720367542111,unicycle
1.5352006118762551,3.293257008817811,0.00354769525809262,0.0,0.0,-1.452720875308018,0.2312249989245782,1.4597862989773484e-19,2.5361274083570154e-19,0.0,0.0,-0.08032082570945234,unicycle
1.535932394314364,3.2870155177028337,0.00354769525809262,0.0,0.0,-1.4554478414550378,0.20947484958530685,1.2060305240739303e-19,2.0923892578410734e-19,0.0,0.0,-0.09089887156733584,unicycle
1.536575998268383,3.281385689261797,0.00354769525809262,0.0,0.0,-1.458492421123135,0.18888332415089995,9.959191253978652e-20,1.725466821592741e-19,0.0,0.0,-0.10148598893657518,unicycle
1.5371380485736132,3.2763257462112803,0.00354769525809262,0.0,0.0,-1.461850443209404,0.1697021854633283,8.220257351965562e-20,1.4222032646043868e-19,0.0,0.0,-0.1119340695423077,unicycle
1.5376257530725346,3.2717900353276748,0.00354769525809262,0.0,0.0,-1.4655143311421808,0.15206194709216933,6.781736893751012e-20,1.1716709132544034e-19,0.0,0.0,-0.12212959775922462,unicycle
1.5380464954041098,3.2677316074881095,0.00354769525809262,0.0,0.0,-1.4694738673543895,0.1360060553753355,5.592281778338496e-20,9.647978131571432e-20,0.0,0.0,-0.13198454040696456,unicycle
1.5384075403811681,3.26410402479048,0.00354769525809262,0.0,0.0,-1.4737167644737108,0.12151693819103666,4.60922528950473e-20,7.940560991870338e-20,0.0,0.0,-0.1414299039773707,unicycle
1.5387158293291894,3.2608625841289407,0.00354769525809262,0.0,0.0,-1.4782291024637064,0.1085356962624141,3.7971310076574585e-20,6.532020802092435e-20,0.0,0.0,-0.15041126633318547,unicycle
1.5389778461878378,3.25796510440023,0.00354769525809262,0.0,0.0,-1.4829956745620752,0.09697684510532573,3.1265813226094564e-20,5.3705956639412066e-20,0.0,0.0,-0.15888573661229596,unicycle
1.5391995382793362,3.255372391195062,0.00354769525809262,0.0,0.0,-1.4880002720964964,0.08673922142802958,2.5731665120890087e-20,4.413393351331437e-20,0.0,0.0,-0.16681991781403877,unicycle
1.5393862784293395,3.253048466596642,0.00354769525809262,0.0,0.0,-1.4932259284928877,0.07771393262707407,2.1166416148415722e-20,3.6248878239075854e-20,0.0,0.0,-0.17418854654637586,unicycle
1.5395428575806034,3.250960631120956,0.00354769525809262,0.0,0.0,-1.4986551355031181,0.06979004045294919,1.7402236035357923e-20,2.975667736712728e-20,0.0,0.0,-0.18097356700768624,unicycle
1.5396734991692596,3.2490794087301853,0.00354769525809262,0.0,0.0,-1.504270039414865,0.06285852060117375,1.4300058038354377e-20,2.441395213578064e-20,0.0,0.0,-0.187163463724892,unicycle
1.5397818883509926,3.247378413300683,0.00354769525809262,0.0,0.0,-1.5100526213633765,0.05681492136886587,1.1744702414862849e-20,2.001939973074014e-20,0.0,0.0,-0.19275273161706502,unicycle
1.5398712106922505,3.245834165186258,0.00354769525809262,0.0,0.0,-1.5159848634883988,0.05156105050649681,9.640817390505611e-21,1.6406596184173727e-20,0.0,0.0,-0.1977414041674087,unicycle
1.5399441962080667,3.244425878991785,0.00354769525809262,0.0,0.0,-1.5220489012607494,0.04700594507185361,7.909502212322864e-21,1.343801700567703e-20,0.0,0.0,-0.2021345924117034,unicycle
1.5400031656639788,3.2431352378880733,0.00354769525809262,0.0,0.0,-1.528227161580204,0.04306632049658341,6.485499015458863e-21,1.1000071838676403e-20,0.0,0.0,-0.20594201064849943,unicycle
1.5400500768958723,3.241946165380169,0.00354769525809262,0.0,0.0,-1.5345024860039291,0.03966664901755773,5.314858802167626e-21,8.99898310065425e-21,0.0,0.0,-0.20917748079084553,unicycle
1.5400865695678203,3.240844602089192,0.00354769525809262,0.0,0.0,-1.5408582385314455,0.03673898154446904,4.353002401686354e-21,7.357366740535292e-21,0.0,0.0,-0.21185841758389012,unicycle
1.5401140073111972,3.239818292586102,0.00354769525809262,0.0,0.0,-1.5472783976169722,0.03422259887649788,3.563110324785829e-21,6.0113968135876955e-21,0.0,0.0,-0.2140053028508902,unicycle
1.5401335165926604,3.238856585437725,0.00354769525809262,0.0,0.0,-1.5537476324072252,0.032063556298129174,2.914786350528662e-21,4.9084552759680656e-21,0.0,0.0,-0.21564115967510092,unicycle
1.5401460219652596,3.2379502482440445,0.00354769525809262,0.0,0.0,-1.560251363545964,0.030214168660312013,2.3829488247048635e-21,4.005184862563316e-21,0.0,0.0,-0.21679103795796575,unicycle
1.5401522775842718,3.2370912984456193,0.00354769525809262,0.0,0.0,-1.5667758092030215,0.02863247003658989,1.9469112958836444e-21,3.2658766586183543e-21,0.0,0.0,-0.217481521901907,unicycle
1.5401528950330232,3.236272849970757,0.00354769525809262,0.0,0.0,-1.5733080172506226,0.027281672096484844,1.5896205071182494e-21,2.661135449439816e-21,0.0,0.0,-0.21774026825336962,unicycle
1.5401483676171919,3.2354889753031375,0.00354769525809262,0.0,0.0,-1.5798358847121852,0.026129637793681892,1.2970251019412294e-21,2.1667755041260062e-21,0.0,0.0,-0.21759558205208454,unicycle
1.5401390913599498,3.2347345822271976,0.00354769525809262,0.0,0.0,-1.5863481657464091,0.025148381295358253,1.0575528629822685e-21,1.762907430061897e-21,0.0,0.0,-0.21707603447412707,unicycle
1.5401253829739419,3.2340053043082677,0.00354769525809262,0.0,0.0,-1.5928344695062882,0.024313600862426853,8.616780236771475e-22,1.4331833859024735e-21,0.0,0.0,-0.21621012532929149,unicycle
1.5401074951070377,3.2332974040545004,0.00354769525809262,0.0,0.0,-1.5992852492361254,0.02360424829769264,7.015632984898183e-22,1.164173480775041e-21,0.0,0.0,-0.21502599099457276,unicycle
1.5400856291630796,3.2326076876629593,0.00354769525809262,0.0,0.0,-1.6056917839488625,0.023002136349440427,5.707638658589835e-22,9.448507997729613e-22,0.0,0.0,-0.21355115709123965,unicycle
1.5400599459913353,3.2319334302537173,0.00354769525809262,0.0,0.0,-1.6120461539705662,0.022491583887285962,4.639826954283103e-22,7.661663339604234e-22,0.0,0.0,-0.21181233405679,unicycle
1.5400305747228928,3.2312723105289987,0.00354769525809262,0.0,0.0,-1.6183412115578943,0.022059097595264362,3.7686840803660507e-22,6.20698285474187e-22,0.0,0.0,-0.20983525291095856,unicycle
1.539997620011718,3.230622353848388,0.00354769525809262,0.0,0.0,-1.6245705476959842,0.021693088229468343,3.058483529143399e-22,5.023628722817991e-22,0.0,0.0,-0.2076445379363304,unicycle
1.5399611679148353,3.2299818827778677,0.00354769525809262,0.0,0.0,-1.6307284560754867,0.021383619067407753,2.479908313538395e-22,4.0617596249191446e-22,0.0,0.0,-0.20526361265008147,unicycle
1.539921290621713,3.229349474244042,0.00354769525809262,0.0,0.0,-1.6368098951342571,0.0211221839590349,2.008914314580124e-22,3.2805669978852435e-22,0.0,0.0,-0.202714635292354,unicycle
1.5398780502186593,3.2287239225009987,0.00354769525809262,0.0,0.0,-1.6428104489360063,0.02090151231782681,1.6257929926887004e-22,2.646658021765922e-22,0.0,0.0,-0.2000184600583175,unicycle
1.5398315016506958,3.2281042071929633,0.00354769525809262,0.0,0.0,-1.6487262875485458,0.02071539842081916,1.3143988675219807e-22,2.132724780194878e-22,0.0,0.0,-0.19719462041798447,unicycle
1.5397816950215106,3.22748946586902,0.00354769525809262,0.0,0.0,-1.654554127480581,0.020558552486079115,1.0615131109312204e-22,1.716449498873472e-22,0.0,0.0,-0.19426133106784643,unicycle
1.5397286773520227,3.226878970375458,0.00354769525809262,0.0,0.0,-1.6602911926399988,0.020426471140107157,8.563195284687745e-23,1.379604443398803e-22,0.0,0.0,-0.19123550531392022,unicycle
1.5396724938999875,3.2262721066158755,0.00354769525809262,0.0,0.0,-1.6659351761892307,0.02031532505781579,6.899732963565665e-23,1.107312246991103e-22,0.0,0.0,-0.18813278497439717,unicycle
1.539613189126964,3.225668357228651,0.00354769525809262,0.0,0.0,-1.6714842035950503,0.020221861740743446,5.552462141897416e-23,8.874383932900278e-23,0.0,0.0,-0.18496758019398926,unicycle
1.5395508073848019,3.225067286785573,0.00354769525809262,0.0,0.0,-1.6769367971010793,0.020143321585515295,4.462350467272431e-23,7.100925090770885e-23,0.0,0.0,-0.18175311686763856,unicycle
1.5394780326354545,3.224400961441369,0.00354769525809262,0.0,0.0,-1.6822295599161974,0.02234295010128215,3.5812185906757086e-23,5.672192010740283e-23,0.0,0.0,-0.17642542717059126,unicycle
1.5393824390073545,3.2235657026022877,0.00354769525809262,0.0,0.0,-1.6872673103970217,0.028023739238326795,2.869771800656813e-23,4.52262545002616e-23,0.0,0.0,-0.16792501602748733,unicycle
1.5392547757228694,3.222496459351592,0.00354769525809262,0.0,0.0,-1.6919921060724021,0.03589461737024346,2.2959842705432143e-23,3.5989112450765604e-23,0.0,0.0,-0.1574931891793366,unicycle
1.5390886293462769,3.221156746069505,0.00354769525809262,0.0,0.0,-1.696373306035311,0.0449992495219395,1.8337734739490546e-23,2.857728225673841e-23,0.0,0.0,-0.14603999876363333,unicycle
1.538880066344924,3.2195309954082942,0.00354769525809262,0.0,0.0,-1.700399952940701,0.0546358385426447,1.4619132616940437e-23,2.263904718717868e-23,0.0,0.0,-0.13422156351300546,unicycle
1.5386272618934453,3.217618756194228,0.00354769525809262,0.0,0.0,-1.704074968109408,0.06429595710393585,1.1631431355836796e-23,1.7889104242071015e-23,0.0,0.0,-0.12250050562356028,unicycle
1.5383301314082451,3.215430299496161,0.00354769525809262,0.0,0.0,-1.7074107600629245,0.07361788556486529,9.234387263306289e-24,1.4096234159183746e-23,0.0,0.0,-0.11119306511720842,unicycle
1.5379899808751085,3.2129832987661207,0.00354769525809262,0.0,0.0,-1.71042593149391,0.08235100742868887,7.314146541066755e-24,1.1073227167971774e-23,0.0,0.0,-0.10050571436619118,unicycle
1.5376091877068587,3.2103003287566687,0.00354769525809262,0.0,0.0,-1.7131428367583543,0.090328634722312,5.7783604481047634e-24,8.668657180377124e-24,0.0,0.0,-0.0905635088148041,unicycle
1.5371909189304866,3.207406988330865,0.00354769525809262,0.0,0.0,-1.71558579509401,0.09744726117412553,4.5521917895438005e-24,6.760169776192677e-24,0.0,0.0,-0.08143194452185659,unicycle
1.53673888929264,3.2043304985272667,0.00354769525809262,0.0,0.0,-1.7177798068153698,0.10365071787184174,3.575052172129476e-24,5.249009189354404e-24,0.0,0.0,-0.07313372404533411,unicycle
